column,activity_id,document_year,index,pchembl_value,potential_duplicate,record_id,src_id,standard_flag,standard_upper_value,standard_value,target_tax_id,upper_value,value
activity_id,,,,,,,,,,,,,
document_year,,,,,,,,,,,,,
index,,,,,,,,,,,,,
pchembl_value,,,,,,,,,,,,,
potential_duplicate,,,,,,,,,,,,,
record_id,,,,,,,,,,,,,
src_id,,,,,,,,,,,,,
standard_flag,,,,,,,,,,,,,
standard_upper_value,,,,,,,,,,,,,
standard_value,,,,,,,,,,,,,
target_tax_id,,,,,,,,,,,,,
upper_value,,,,,,,,,,,,,
value,,,,,,,,,,,,,
