obj_type,name,module,file,line,layer,signature,loc,base_classes,suffix,public_methods,private_methods,prod_refs,test_refs,usage_class
function,_load_base_config,bioetl.infrastructure.config_loader,src/bioetl/infrastructure/config_loader.py,54,infrastructure,"(config_path: Path) -> dict[str, Any]",14,,,,,1,0,SELF_ONLY
function,_apply_file_reference_defaults,bioetl.infrastructure.config_loader,src/bioetl/infrastructure/config_loader.py,70,infrastructure,"(config: dict[str, Any], provider: str, entity_type: str) -> None",18,,,,,1,0,SELF_ONLY
function,_load_column_groups_config,bioetl.infrastructure.config_loader,src/bioetl/infrastructure/config_loader.py,90,infrastructure,"(config_path: Path, column_groups_file: str) -> list[dict[str, Any]] | None",20,,,,,1,0,SELF_ONLY
function,_load_data_schema_config,bioetl.infrastructure.config_loader,src/bioetl/infrastructure/config_loader.py,112,infrastructure,"(config_path: Path, data_schema_file: str) -> dict[str, Any] | None",37,,,,,1,0,SELF_ONLY
function,_apply_layer_defaults,bioetl.infrastructure.config_loader,src/bioetl/infrastructure/config_loader.py,151,infrastructure,"(layer: dict[str, Any], provider: str, entity_type: str, layer_name: str, primary_keys: list[str]) -> None",26,,,,,1,0,SELF_ONLY
function,_apply_convention_defaults,bioetl.infrastructure.config_loader,src/bioetl/infrastructure/config_loader.py,179,infrastructure,"(config: dict[str, Any]) -> dict[str, Any]",31,,,,,1,1,SELF_ONLY
function,_load_filter_config,bioetl.infrastructure.config_loader,src/bioetl/infrastructure/config_loader.py,230,infrastructure,"(config_path: Path, filter_config_file: str) -> dict[str, Any] | None",18,,,,,1,0,SELF_ONLY
function,_merge_filter_config,bioetl.infrastructure.config_loader,src/bioetl/infrastructure/config_loader.py,250,infrastructure,"(config: dict[str, Any], filter_config: dict[str, Any], explicit_entity_config: dict[str, Any]) -> None",57,,,,,1,0,SELF_ONLY
function,_load_column_groups_section,bioetl.infrastructure.config_loader,src/bioetl/infrastructure/config_loader.py,309,infrastructure,"(config: dict[str, Any], entity_config: dict[str, Any], config_path: Path) -> None",27,,,,,1,0,SELF_ONLY
function,_load_source_section,bioetl.infrastructure.config_loader,src/bioetl/infrastructure/config_loader.py,338,infrastructure,"(config: dict[str, Any], config_path: Path) -> None",10,,,,,1,0,SELF_ONLY
function,_check_psutil_available,bioetl.infrastructure.system.memory_monitor,src/bioetl/infrastructure/system/memory_monitor.py,39,infrastructure,() -> bool,12,,,,,1,1,SELF_ONLY
class,BasePanderaValidator,bioetl.infrastructure.validation.pandera_validator,src/bioetl/infrastructure/validation/pandera_validator.py,20,infrastructure,,89,,,validate,__init__|_validate_with_schema,3,0,SELF_ONLY
class,NoOpValidator,bioetl.infrastructure.validation.pandera_validator,src/bioetl/infrastructure/validation/pandera_validator.py,192,infrastructure,,19,,,validate,,6,0,SELF_ONLY
function,_get_git_commit_cached,bioetl.infrastructure.storage.metadata_builder,src/bioetl/infrastructure/storage/metadata_builder.py,39,infrastructure,() -> str | None,25,,,,,3,0,SELF_ONLY
function,_get_string_fields,bioetl.infrastructure.storage.base_delta_writer,src/bioetl/infrastructure/storage/base_delta_writer.py,63,infrastructure,(schema: pa.Schema) -> set[str],26,,,,,2,6,SELF_ONLY
constant,METADATA_FILENAME,bioetl.infrastructure.storage.metadata_writer,src/bioetl/infrastructure/storage/metadata_writer.py,31,infrastructure,,1,,,,,2,9,SELF_ONLY
function,_get_metadata_filename,bioetl.infrastructure.storage.metadata_writer,src/bioetl/infrastructure/storage/metadata_writer.py,34,infrastructure,"(provider: str | None, entity: str | None) -> str",14,,,,,1,0,SELF_ONLY
class,AtomicWriteError,bioetl.infrastructure.storage._atomic,src/bioetl/infrastructure/storage/_atomic.py,26,infrastructure,,7,Exception,Error,,__init__,7,4,SELF_ONLY
function,atomic_write,bioetl.infrastructure.storage._atomic,src/bioetl/infrastructure/storage/_atomic.py,36,infrastructure,"(target: Path, mode: str='wb', suffix: str='.tmp', prefix: str='.', encoding: str | None=None) -> Iterator[IO[Any]]",62,,,,,3,16,SELF_ONLY
class,ErrorCategory,bioetl.infrastructure.adapters.error_handling,src/bioetl/infrastructure/adapters/error_handling.py,41,infrastructure,,17,StrEnum,,,,36,36,SELF_ONLY
class,AdapterErrorContext,bioetl.infrastructure.adapters.error_handling,src/bioetl/infrastructure/adapters/error_handling.py,80,infrastructure,,25,,,,,4,7,SELF_ONLY
class,HealthCheckContext,bioetl.infrastructure.adapters.health_check_mixin,src/bioetl/infrastructure/adapters/health_check_mixin.py,36,infrastructure,,20,,,elapsed_seconds,,5,1,SELF_ONLY
class,HealthCheckMixin,bioetl.infrastructure.adapters.health_check_mixin,src/bioetl/infrastructure/adapters/health_check_mixin.py,58,infrastructure,,148,,,,_get_metrics|_start_health_check|_get_health_endpoint|_handle_health_check_success|_handle_health_check_failure,5,18,SELF_ONLY
class,HasFetchFiltered,bioetl.infrastructure.adapters.filterable_mixin,src/bioetl/infrastructure/adapters/filterable_mixin.py,23,infrastructure,,12,Protocol,,fetch_filtered,,1,0,SELF_ONLY
class,DelegatingFallbackMixin,bioetl.infrastructure.adapters.filterable_mixin,src/bioetl/infrastructure/adapters/filterable_mixin.py,86,infrastructure,,48,,,fetch_filtered_with_fallback,,2,0,SELF_ONLY
class,UniProtEcNumber,bioetl.infrastructure.adapters.uniprot.models,src/bioetl/infrastructure/adapters/uniprot/models.py,20,infrastructure,,6,BaseModel,,,,1,0,SELF_ONLY
class,UniProtKeyword,bioetl.infrastructure.adapters.uniprot.models,src/bioetl/infrastructure/adapters/uniprot/models.py,28,infrastructure,,8,BaseModel,,,,1,0,SELF_ONLY
class,UniProtOrganism,bioetl.infrastructure.adapters.uniprot.models,src/bioetl/infrastructure/adapters/uniprot/models.py,38,infrastructure,,13,BaseModel,,,,1,0,SELF_ONLY
class,UniProtName,bioetl.infrastructure.adapters.uniprot.models,src/bioetl/infrastructure/adapters/uniprot/models.py,53,infrastructure,,6,BaseModel,,,,9,0,SELF_ONLY
class,UniProtFullName,bioetl.infrastructure.adapters.uniprot.models,src/bioetl/infrastructure/adapters/uniprot/models.py,61,infrastructure,,11,BaseModel,,,,2,0,SELF_ONLY
class,UniProtRecommendedName,bioetl.infrastructure.adapters.uniprot.models,src/bioetl/infrastructure/adapters/uniprot/models.py,74,infrastructure,,14,BaseModel,,,,1,0,SELF_ONLY
class,UniProtProteinDescription,bioetl.infrastructure.adapters.uniprot.models,src/bioetl/infrastructure/adapters/uniprot/models.py,90,infrastructure,,18,BaseModel,,,,1,0,SELF_ONLY
class,UniProtGene,bioetl.infrastructure.adapters.uniprot.models,src/bioetl/infrastructure/adapters/uniprot/models.py,110,infrastructure,,17,BaseModel,,,,1,0,SELF_ONLY
class,UniProtEvidence,bioetl.infrastructure.adapters.uniprot.models,src/bioetl/infrastructure/adapters/uniprot/models.py,129,infrastructure,,8,BaseModel,,,,4,0,SELF_ONLY
class,UniProtText,bioetl.infrastructure.adapters.uniprot.models,src/bioetl/infrastructure/adapters/uniprot/models.py,139,infrastructure,,9,BaseModel,,,,1,0,SELF_ONLY
class,UniProtLocation,bioetl.infrastructure.adapters.uniprot.models,src/bioetl/infrastructure/adapters/uniprot/models.py,150,infrastructure,,9,BaseModel,,,,3,0,SELF_ONLY
class,UniProtSubcellularLocation,bioetl.infrastructure.adapters.uniprot.models,src/bioetl/infrastructure/adapters/uniprot/models.py,161,infrastructure,,8,BaseModel,,,,1,0,SELF_ONLY
class,UniProtReaction,bioetl.infrastructure.adapters.uniprot.models,src/bioetl/infrastructure/adapters/uniprot/models.py,171,infrastructure,,12,BaseModel,,,,1,0,SELF_ONLY
class,UniProtIsoform,bioetl.infrastructure.adapters.uniprot.models,src/bioetl/infrastructure/adapters/uniprot/models.py,185,infrastructure,,12,BaseModel,,,,1,0,SELF_ONLY
class,UniProtComment,bioetl.infrastructure.adapters.uniprot.models,src/bioetl/infrastructure/adapters/uniprot/models.py,199,infrastructure,,31,BaseModel,,,,1,0,SELF_ONLY
class,UniProtFeatureLocation,bioetl.infrastructure.adapters.uniprot.models,src/bioetl/infrastructure/adapters/uniprot/models.py,232,infrastructure,,7,BaseModel,,,,1,0,SELF_ONLY
class,UniProtFeature,bioetl.infrastructure.adapters.uniprot.models,src/bioetl/infrastructure/adapters/uniprot/models.py,241,infrastructure,,16,BaseModel,,,,1,0,SELF_ONLY
class,UniProtCrossReference,bioetl.infrastructure.adapters.uniprot.models,src/bioetl/infrastructure/adapters/uniprot/models.py,259,infrastructure,,10,BaseModel,,,,1,0,SELF_ONLY
class,UniProtSequence,bioetl.infrastructure.adapters.uniprot.models,src/bioetl/infrastructure/adapters/uniprot/models.py,271,infrastructure,,10,BaseModel,,,,1,0,SELF_ONLY
class,UniProtExtraAttributes,bioetl.infrastructure.adapters.uniprot.models,src/bioetl/infrastructure/adapters/uniprot/models.py,283,infrastructure,,8,BaseModel,,,,1,0,SELF_ONLY
constant,UNIPROT_BATCH_SIZE,bioetl.infrastructure.adapters.uniprot.client,src/bioetl/infrastructure/adapters/uniprot/client.py,44,infrastructure,,1,,,,,2,0,SELF_ONLY
class,PubMedAuthor,bioetl.infrastructure.adapters.pubmed.models,src/bioetl/infrastructure/adapters/pubmed/models.py,46,infrastructure,,12,BaseModel,,,,1,0,SELF_ONLY
class,PubMedJournal,bioetl.infrastructure.adapters.pubmed.models,src/bioetl/infrastructure/adapters/pubmed/models.py,60,infrastructure,,17,BaseModel,,,,1,0,SELF_ONLY
class,PubMedMeshHeading,bioetl.infrastructure.adapters.pubmed.models,src/bioetl/infrastructure/adapters/pubmed/models.py,89,infrastructure,,11,BaseModel,,,,1,0,SELF_ONLY
class,PubMedChemical,bioetl.infrastructure.adapters.pubmed.models,src/bioetl/infrastructure/adapters/pubmed/models.py,102,infrastructure,,8,BaseModel,,,,1,0,SELF_ONLY
class,PubMedGrant,bioetl.infrastructure.adapters.pubmed.models,src/bioetl/infrastructure/adapters/pubmed/models.py,112,infrastructure,,9,BaseModel,,,,1,0,SELF_ONLY
class,PubMedReference,bioetl.infrastructure.adapters.pubmed.models,src/bioetl/infrastructure/adapters/pubmed/models.py,123,infrastructure,,7,BaseModel,,,,1,0,SELF_ONLY
class,PubMedArticleId,bioetl.infrastructure.adapters.pubmed.models,src/bioetl/infrastructure/adapters/pubmed/models.py,132,infrastructure,,7,BaseModel,,,,1,0,SELF_ONLY
class,PubMedSearchResult,bioetl.infrastructure.adapters.pubmed.models,src/bioetl/infrastructure/adapters/pubmed/models.py,243,infrastructure,,23,BaseModel,,,,1,0,SELF_ONLY
class,CrossRefAuthor,bioetl.infrastructure.adapters.crossref.models,src/bioetl/infrastructure/adapters/crossref/models.py,20,infrastructure,,23,BaseModel,,,,4,0,SELF_ONLY
class,CrossRefFunder,bioetl.infrastructure.adapters.crossref.models,src/bioetl/infrastructure/adapters/crossref/models.py,45,infrastructure,,11,BaseModel,,,,1,0,SELF_ONLY
class,CrossRefLicense,bioetl.infrastructure.adapters.crossref.models,src/bioetl/infrastructure/adapters/crossref/models.py,58,infrastructure,,13,BaseModel,,,,1,0,SELF_ONLY
class,CrossRefLink,bioetl.infrastructure.adapters.crossref.models,src/bioetl/infrastructure/adapters/crossref/models.py,73,infrastructure,,15,BaseModel,,,,1,0,SELF_ONLY
class,CrossRefReference,bioetl.infrastructure.adapters.crossref.models,src/bioetl/infrastructure/adapters/crossref/models.py,90,infrastructure,,26,BaseModel,,,,1,0,SELF_ONLY
class,CrossRefAssertion,bioetl.infrastructure.adapters.crossref.models,src/bioetl/infrastructure/adapters/crossref/models.py,118,infrastructure,,9,BaseModel,,,,1,0,SELF_ONLY
class,CrossRefClinicalTrial,bioetl.infrastructure.adapters.crossref.models,src/bioetl/infrastructure/adapters/crossref/models.py,129,infrastructure,,10,BaseModel,,,,1,0,SELF_ONLY
class,CrossRefDateParts,bioetl.infrastructure.adapters.crossref.models,src/bioetl/infrastructure/adapters/crossref/models.py,141,infrastructure,,14,BaseModel,,,,6,0,SELF_ONLY
class,CrossRefMessage,bioetl.infrastructure.adapters.crossref.models,src/bioetl/infrastructure/adapters/crossref/models.py,331,infrastructure,,26,BaseModel,,,,1,0,SELF_ONLY
constant,CROSSREF_API_BASE,bioetl.infrastructure.adapters.crossref.client,src/bioetl/infrastructure/adapters/crossref/client.py,46,infrastructure,,1,,,,,4,12,SELF_ONLY
constant,METRIC_CIRCUIT_BREAKER_STATE,bioetl.infrastructure.adapters.http.circuit_breaker,src/bioetl/infrastructure/adapters/http/circuit_breaker.py,32,infrastructure,,1,,,,,1,7,SELF_ONLY
constant,METRIC_CIRCUIT_BREAKER_TRIPS,bioetl.infrastructure.adapters.http.circuit_breaker,src/bioetl/infrastructure/adapters/http/circuit_breaker.py,33,infrastructure,,1,,,,,1,4,SELF_ONLY
function,is_circuit_breaker_error,bioetl.infrastructure.adapters.http.circuit_breaker,src/bioetl/infrastructure/adapters/http/circuit_breaker.py,215,infrastructure,(exc: Exception) -> bool,18,,,,,1,24,SELF_ONLY
function,create_pubchem_bucket,bioetl.infrastructure.adapters.http.rate_limiter,src/bioetl/infrastructure/adapters/http/rate_limiter.py,142,infrastructure,"(*, metrics: MetricsPort | None=None) -> TokenBucket",20,,,,,2,3,SELF_ONLY
function,create_pubmed_bucket,bioetl.infrastructure.adapters.http.rate_limiter,src/bioetl/infrastructure/adapters/http/rate_limiter.py,164,infrastructure,"(*, with_api_key: bool=False, metrics: MetricsPort | None=None) -> TokenBucket",24,,,,,2,4,SELF_ONLY
constant,OPENALEX_API_BASE,bioetl.infrastructure.adapters.openalex.client,src/bioetl/infrastructure/adapters/openalex/client.py,43,infrastructure,,1,,,,,5,0,SELF_ONLY
constant,DEFAULT_SEARCH_FIELDS,bioetl.infrastructure.adapters.semanticscholar.fallback,src/bioetl/infrastructure/adapters/semanticscholar/fallback.py,33,infrastructure,,1,,,,,1,0,SELF_ONLY
constant,DEFAULT_FIELDS,bioetl.infrastructure.adapters.semanticscholar.adapter,src/bioetl/infrastructure/adapters/semanticscholar/adapter.py,53,infrastructure,,1,,,,,1,0,SELF_ONLY
class,LigandEfficiency,bioetl.infrastructure.adapters.chembl.models,src/bioetl/infrastructure/adapters/chembl/models.py,26,infrastructure,,9,BaseModel,,,,1,0,SELF_ONLY
class,ActionType,bioetl.infrastructure.adapters.chembl.models,src/bioetl/infrastructure/adapters/chembl/models.py,37,infrastructure,,8,BaseModel,,,,1,0,SELF_ONLY
class,MoleculeHierarchy,bioetl.infrastructure.adapters.chembl.models,src/bioetl/infrastructure/adapters/chembl/models.py,292,infrastructure,,8,BaseModel,,,,1,0,SELF_ONLY
class,MoleculeProperties,bioetl.infrastructure.adapters.chembl.models,src/bioetl/infrastructure/adapters/chembl/models.py,302,infrastructure,,28,BaseModel,,,,1,0,SELF_ONLY
class,MoleculeStructures,bioetl.infrastructure.adapters.chembl.models,src/bioetl/infrastructure/adapters/chembl/models.py,332,infrastructure,,9,BaseModel,,,,1,0,SELF_ONLY
class,ChemblReleaseInfo,bioetl.infrastructure.adapters.chembl.models,src/bioetl/infrastructure/adapters/chembl/models.py,451,infrastructure,,14,BaseModel,,,,2,0,SELF_ONLY
class,ChemblCellLineRecord,bioetl.infrastructure.adapters.chembl.models,src/bioetl/infrastructure/adapters/chembl/models.py,580,infrastructure,,20,BaseModel,,,,2,0,SELF_ONLY
class,ChemblCellLineResponse,bioetl.infrastructure.adapters.chembl.models,src/bioetl/infrastructure/adapters/chembl/models.py,602,infrastructure,,11,BaseModel,,,,1,0,SELF_ONLY
function,reset_encoder_cache,bioetl.infrastructure.serialization.encoders,src/bioetl/infrastructure/serialization/encoders.py,248,infrastructure,() -> None,7,,,,,2,6,SELF_ONLY
class,SilverFiltersFileConfig,bioetl.infrastructure.schemas.filter_config,src/bioetl/infrastructure/schemas/filter_config.py,87,infrastructure,,22,BaseGoldFiltersConfig,Config,to_domain,,3,0,SELF_ONLY
class,BronzeDQReportConfig,bioetl.infrastructure.schemas.dq_report_config,src/bioetl/infrastructure/schemas/dq_report_config.py,24,infrastructure,,45,BaseModel,Config,get_format_enum|get_checks_enums,,3,21,SELF_ONLY
class,SilverDQReportConfig,bioetl.infrastructure.schemas.dq_report_config,src/bioetl/infrastructure/schemas/dq_report_config.py,71,infrastructure,,49,BaseModel,Config,get_format_enum|get_checks_enums,,3,4,SELF_ONLY
class,GoldDQReportConfig,bioetl.infrastructure.schemas.dq_report_config,src/bioetl/infrastructure/schemas/dq_report_config.py,122,infrastructure,,48,BaseModel,Config,get_format_enum|get_checks_enums,,3,4,SELF_ONLY
class,AggregationFieldSchema,bioetl.infrastructure.schemas.composite_config,src/bioetl/infrastructure/schemas/composite_config.py,42,infrastructure,,32,BaseModel,Schema,to_domain,,2,0,SELF_ONLY
class,AggregationSchema,bioetl.infrastructure.schemas.composite_config,src/bioetl/infrastructure/schemas/composite_config.py,76,infrastructure,,19,BaseModel,Schema,to_domain,,2,0,SELF_ONLY
class,DependencySchema,bioetl.infrastructure.schemas.composite_config,src/bioetl/infrastructure/schemas/composite_config.py,132,infrastructure,,95,BaseModel,Schema,validate_join_keys_not_empty|validate_filter_fields_exclusive|to_domain,,2,1,SELF_ONLY
class,CircuitBreakerYamlConfig,bioetl.infrastructure.schemas.source_config,src/bioetl/infrastructure/schemas/source_config.py,34,infrastructure,,17,BaseCircuitBreakerConfig,Config,to_domain,,4,2,SELF_ONLY
class,ProviderConfigYaml,bioetl.infrastructure.schemas.source_config,src/bioetl/infrastructure/schemas/source_config.py,57,infrastructure,,23,BaseModel,,,,4,0,SELF_ONLY
class,SourceSectionConfig,bioetl.infrastructure.schemas.source_config,src/bioetl/infrastructure/schemas/source_config.py,82,infrastructure,,28,BaseModel,Config,,,3,0,SELF_ONLY
class,CsvExportConfig,bioetl.infrastructure.schemas.pipeline_config,src/bioetl/infrastructure/schemas/pipeline_config.py,302,infrastructure,,8,BaseModel,Config,,,2,0,SELF_ONLY
class,RateLimitSourceConfig,bioetl.infrastructure.schemas.pipeline_config,src/bioetl/infrastructure/schemas/pipeline_config.py,379,infrastructure,,8,BaseModel,Config,,,2,0,SELF_ONLY
class,ClientSourceConfig,bioetl.infrastructure.schemas.pipeline_config,src/bioetl/infrastructure/schemas/pipeline_config.py,389,infrastructure,,5,BaseModel,Config,,,2,0,SELF_ONLY
class,ProviderSourceConfig,bioetl.infrastructure.schemas.pipeline_config,src/bioetl/infrastructure/schemas/pipeline_config.py,396,infrastructure,,14,BaseModel,Config,,,2,0,SELF_ONLY
class,SourceConfig,bioetl.infrastructure.schemas.pipeline_config,src/bioetl/infrastructure/schemas/pipeline_config.py,412,infrastructure,,22,BaseModel,Config,,,2,8,SELF_ONLY
class,SortByConfig,bioetl.infrastructure.schemas.pipeline_config,src/bioetl/infrastructure/schemas/pipeline_config.py,436,infrastructure,,11,BaseModel,Config,,,2,7,SELF_ONLY
class,SinkDQReportConfig,bioetl.infrastructure.schemas.pipeline_config,src/bioetl/infrastructure/schemas/pipeline_config.py,449,infrastructure,,15,BaseModel,Config,,,2,0,SELF_ONLY
class,SinkLineageConfig,bioetl.infrastructure.schemas.pipeline_config,src/bioetl/infrastructure/schemas/pipeline_config.py,470,infrastructure,,28,BaseModel,Config,,,2,8,SELF_ONLY
class,SinkMetadataConfig,bioetl.infrastructure.schemas.pipeline_config,src/bioetl/infrastructure/schemas/pipeline_config.py,500,infrastructure,,79,BaseModel,Config,to_domain,,1,14,SELF_ONLY
class,SinkLayerConfig,bioetl.infrastructure.schemas.pipeline_config,src/bioetl/infrastructure/schemas/pipeline_config.py,581,infrastructure,,41,BaseModel,Config,,,2,17,SELF_ONLY
constant,SEMVER_PATTERN,bioetl.infrastructure.schemas.pipeline_config,src/bioetl/infrastructure/schemas/pipeline_config.py,682,infrastructure,,1,,,,,1,0,SELF_ONLY
class,TransformConfig,bioetl.infrastructure.schemas.pipeline_config,src/bioetl/infrastructure/schemas/pipeline_config.py,691,infrastructure,,40,BaseModel,Config,validate_semver,,2,14,SELF_ONLY
class,SaltConfig,bioetl.infrastructure.security.pii_hasher,src/bioetl/infrastructure/security/pii_hasher.py,26,infrastructure,,75,,Config,from_settings|from_env,__post_init__,9,16,SELF_ONLY
function,_parse_config,bioetl.infrastructure.config.field_group_loader,src/bioetl/infrastructure/config/field_group_loader.py,65,infrastructure,"(raw: dict[str, Any], source: str) -> FieldGroupRegistry",37,,,,,1,0,SELF_ONLY
function,_parse_group,bioetl.infrastructure.config.field_group_loader,src/bioetl/infrastructure/config/field_group_loader.py,104,infrastructure,"(raw_group: dict[str, Any], index: int) -> FieldGroupDefinition",40,,,,,1,0,SELF_ONLY
function,_parse_field,bioetl.infrastructure.config.field_group_loader,src/bioetl/infrastructure/config/field_group_loader.py,146,infrastructure,"(raw_field: dict[str, Any], group_id: FieldGroupId) -> FieldMapping",26,,,,,1,0,SELF_ONLY
class,YamlSettingsSource,bioetl.infrastructure.config._base,src/bioetl/infrastructure/config/_base.py,45,infrastructure,,40,PydanticBaseSettingsSource,,get_field_value|prepare_field_value,__call__,2,0,SELF_ONLY
function,_extract_source_fields,bioetl.infrastructure.config._base,src/bioetl/infrastructure/config/_base.py,87,infrastructure,(yaml_config: PipelineYamlConfig) -> list[str],6,,,,,1,0,SELF_ONLY
function,_extract_write_modes,bioetl.infrastructure.config._base,src/bioetl/infrastructure/config/_base.py,95,infrastructure,"(yaml_config: PipelineYamlConfig) -> tuple[Literal['merge', 'append', 'overwrite'], Literal['append', 'overwrite', 'scd2']]",20,,,,,1,0,SELF_ONLY
function,_build_silver_filters,bioetl.infrastructure.config._base,src/bioetl/infrastructure/config/_base.py,117,infrastructure,(yaml_config: PipelineYamlConfig) -> SilverFilterConfig,7,,,,,1,0,SELF_ONLY
function,_build_gold_filters,bioetl.infrastructure.config._base,src/bioetl/infrastructure/config/_base.py,126,infrastructure,(yaml_config: PipelineYamlConfig) -> GoldFilterConfig,6,,,,,1,0,SELF_ONLY
function,_handle_port_in_use,bioetl.infrastructure.observability.server,src/bioetl/infrastructure/observability/server.py,25,infrastructure,"(port: int, e: OSError, fail_fast: bool, logger: LoggerPort) -> bool",19,,,,,1,0,SELF_ONLY
function,_handle_os_error,bioetl.infrastructure.observability.server,src/bioetl/infrastructure/observability/server.py,46,infrastructure,"(port: int, e: OSError, retry_count: int, fail_fast: bool, logger: LoggerPort) -> bool",13,,,,,1,0,SELF_ONLY
function,_handle_unexpected_error,bioetl.infrastructure.observability.server,src/bioetl/infrastructure/observability/server.py,61,infrastructure,"(port: int, e: Exception, fail_fast: bool, logger: LoggerPort) -> bool",14,,,,,1,0,SELF_ONLY
constant,HISTOGRAMS,bioetl.infrastructure.observability.prometheus_metrics,src/bioetl/infrastructure/observability/prometheus_metrics.py,35,infrastructure,,1,,,,,2,10,SELF_ONLY
constant,COUNTERS,bioetl.infrastructure.observability.prometheus_metrics,src/bioetl/infrastructure/observability/prometheus_metrics.py,44,infrastructure,,1,,,,,2,12,SELF_ONLY
constant,GAUGES,bioetl.infrastructure.observability.prometheus_metrics,src/bioetl/infrastructure/observability/prometheus_metrics.py,60,infrastructure,,1,,,,,2,6,SELF_ONLY
function,_mask_secrets,bioetl.infrastructure.observability.logging_config,src/bioetl/infrastructure/observability/logging_config.py,76,infrastructure,(value: Any) -> Any,17,,,,,2,21,SELF_ONLY
function,secret_filter_processor,bioetl.infrastructure.observability.logging_config,src/bioetl/infrastructure/observability/logging_config.py,95,infrastructure,"(logger: Any, _method_name: str, event_dict: dict[str, Any]) -> dict[str, Any]",29,,,,,2,25,SELF_ONLY
function,reset_logging_config,bioetl.infrastructure.observability.logging_config,src/bioetl/infrastructure/observability/logging_config.py,203,infrastructure,() -> None,11,,,,,1,16,SELF_ONLY
class,MetricsCollector,bioetl.infrastructure.observability.metrics,src/bioetl/infrastructure/observability/metrics.py,168,infrastructure,,50,,,record_processed|record_error,__init__,1,6,SELF_ONLY
function,create_logger,bioetl.infrastructure.observability.logging,src/bioetl/infrastructure/observability/logging.py,28,infrastructure,"(pipeline: str, run_id: str | UUID, *, log_level: str='INFO', json_format: bool=True) -> StructlogLogger",22,,,,,1,22,SELF_ONLY
function,get_bootstrap_logger,bioetl.composition.bootstrap_logger,src/bioetl/composition/bootstrap_logger.py,38,composition,() -> structlog.stdlib.BoundLogger,35,,,,,5,12,SELF_ONLY
function,reset_bootstrap_logger,bioetl.composition.bootstrap_logger,src/bioetl/composition/bootstrap_logger.py,75,composition,() -> None,8,,,,,2,10,SELF_ONLY
class,BootstrapLogger,bioetl.composition.bootstrap_logger,src/bioetl/composition/bootstrap_logger.py,85,composition,,53,,,debug|info|warning|error,__init__,3,7,SELF_ONLY
class,PipelineFactoryProtocol,bioetl.composition.registry,src/bioetl/composition/registry.py,34,composition,,35,Protocol,Protocol,create_with_services|create_runner,,3,18,SELF_ONLY
function,_create_table_collector,bioetl.composition.bootstrap.cli.storage,src/bioetl/composition/bootstrap/cli/storage.py,126,composition,"() -> Callable[[str], list[tuple[str, str]]]",48,,,,,1,12,SELF_ONLY
constant,COMPOSITE_CONFIG_DIR,bioetl.composition.bootstrap.runtime.composite,src/bioetl/composition/bootstrap/runtime/composite.py,66,composition,,1,,,,,1,0,SELF_ONLY
constant,FIELD_GROUP_CONFIG_DIR,bioetl.composition.bootstrap.runtime.composite,src/bioetl/composition/bootstrap/runtime/composite.py,67,composition,,1,,,,,1,0,SELF_ONLY
function,_build_fallback_mapping,bioetl.composition.bootstrap.runtime.composite,src/bioetl/composition/bootstrap/runtime/composite.py,116,composition,"(keys: pl.DataFrame, filter_key: str, join_keys: tuple[str, ...]) -> dict[str, str] | None",15,,,,,1,0,SELF_ONLY
function,_find_filter_key,bioetl.composition.bootstrap.runtime.composite,src/bioetl/composition/bootstrap/runtime/composite.py,133,composition,"(join_keys: tuple[str, ...], columns: list[str]) -> str | None",11,,,,,1,0,SELF_ONLY
function,_extract_filter_ids_from_keys,bioetl.composition.bootstrap.runtime.composite,src/bioetl/composition/bootstrap/runtime/composite.py,146,composition,"(enricher_cfg: EnricherConfig, keys: pl.DataFrame, logger: LoggerPort | None=None) -> tuple[tuple[str, ...] | None, str | None, dict[str, str] | None]",29,,,,,1,0,SELF_ONLY
function,_extract_field_values,bioetl.composition.bootstrap.runtime.composite,src/bioetl/composition/bootstrap/runtime/composite.py,177,composition,"(keys: pl.DataFrame, field: str) -> tuple[str, ...] | None",15,,,,,1,0,SELF_ONLY
function,_extract_multi_filter_ids,bioetl.composition.bootstrap.runtime.composite,src/bioetl/composition/bootstrap/runtime/composite.py,194,composition,"(dep_cfg: DependencyConfig, keys: pl.DataFrame, logger: LoggerPort | None=None) -> dict[str, tuple[str, ...]] | None",44,,,,,1,1,SELF_ONLY
function,_resolve_bronze_opts,bioetl.composition.bootstrap.runtime.composite,src/bioetl/composition/bootstrap/runtime/composite.py,240,composition,"(runtime: CompositeRuntimeConfig, phase_override: bool | None) -> dict[str, object]",25,,,,,3,12,SELF_ONLY
function,_load_field_group_registry,bioetl.composition.bootstrap.runtime.composite,src/bioetl/composition/bootstrap/runtime/composite.py,551,composition,"(composite_name: str, logger: LoggerPort) -> FieldGroupRegistry | None",48,,,,,1,0,SELF_ONLY
function,_create_dq_report_service,bioetl.composition.bootstrap.runtime.composite,src/bioetl/composition/bootstrap/runtime/composite.py,601,composition,"(logger: LoggerPort, settings: Settings) -> DQReportService",30,,,,,1,0,SELF_ONLY
type_alias,TPipeline,bioetl.composition.factories.pipeline_factory,src/bioetl/composition/factories/pipeline_factory.py,69,composition,"TypeVar('TPipeline', bound='BasePipeline')",1,,,,,7,0,SELF_ONLY
function,_extract_entity_type,bioetl.composition.factories.pipeline_factory,src/bioetl/composition/factories/pipeline_factory.py,81,composition,(pipeline_name: str) -> str | None,12,,,,,3,0,SELF_ONLY
function,_create_data_source,bioetl.composition.factories.pipeline_factory,src/bioetl/composition/factories/pipeline_factory.py,320,composition,"(create_data_source_fn: DataSourceCreator, settings: Settings, pipeline_config: PipelineYamlConfig, logger: LoggerPort, filter_config: InputFilterConfig | None=None, pipeline_name: str='unknown') -> DataSourcePort",24,,,,,5,16,SELF_ONLY
function,_create_cached_bronze_data_source,bioetl.composition.factories.pipeline_factory,src/bioetl/composition/factories/pipeline_factory.py,346,composition,"(settings: Settings, pipeline_config: PipelineYamlConfig, logger: LoggerPort, cached_bronze: CachedBronzeContext) -> DataSourcePort",52,,,,,1,0,SELF_ONLY
function,create_pipeline_with_services,bioetl.composition.factories.pipeline_factory,src/bioetl/composition/factories/pipeline_factory.py,473,composition,"(pipeline_name: str, pipeline_class: type[BasePipeline], provider: str, create_data_source_fn: DataSourceCreator, transformer_class: type[BaseTransformer] | None, run_id: RunID, runtime: RuntimeConfig, settings: Settings, logger: LoggerPort, config: PipelineYamlConfig | None=None, filter_config: InputFilterConfig | None=None, tracer: TracingPort | None=None, dq_monitor: DQMonitorPort | None=None, metrics: MetricsPort | None=None, cached_bronze: CachedBronzeContext | None=None, pandera_silver_schema: Any=None) -> BasePipeline",112,,,,,3,1,SELF_ONLY
function,_extract_single_dq_config,bioetl.composition.factories.pipeline_factory,src/bioetl/composition/factories/pipeline_factory.py,736,composition,"(sink: Any, layer_name: str, config_class: Any) -> Any | None",30,,,,,3,0,SELF_ONLY
function,_get_layer_path,bioetl.composition.factories.pipeline_factory,src/bioetl/composition/factories/pipeline_factory.py,804,composition,(config: Any) -> str | None,3,,,,,3,0,SELF_ONLY
function,_has_flat_structure,bioetl.composition.factories.pipeline_factory,src/bioetl/composition/factories/pipeline_factory.py,809,composition,(config: Any) -> bool,3,,,,,2,0,SELF_ONLY
class,RunnerFactory,bioetl.composition.factories.runner_factory,src/bioetl/composition/factories/runner_factory.py,25,composition,,76,,Factory,create|list_pipelines|contains,__init__|_ensure_registrations|_effective_registry,4,26,SELF_ONLY
class,MetricsExtractor,bioetl.composition.factories.runner_factory,src/bioetl/composition/factories/runner_factory.py,103,composition,,35,,,extract_metrics,,4,12,SELF_ONLY
class,PipelineFactoryConfig,bioetl.composition.factories.pipeline_factories,src/bioetl/composition/factories/pipeline_factories.py,182,composition,,29,NamedTuple,Config,,,24,0,SELF_ONLY
function,_create_factory,bioetl.composition.factories.pipeline_factories,src/bioetl/composition/factories/pipeline_factories.py,392,composition,(config: PipelineFactoryConfig) -> GenericPipelineFactory[GenericPipeline],26,,,,,1,0,SELF_ONLY
function,_register_factories_to,bioetl.composition.factories.pipeline_factories,src/bioetl/composition/factories/pipeline_factories.py,504,composition,(registry: PipelineRegistry) -> None,11,,,,,2,0,SELF_ONLY
function,reset_registration,bioetl.composition.factories.pipeline_factories,src/bioetl/composition/factories/pipeline_factories.py,529,composition,() -> None,13,,,,,3,0,SELF_ONLY
function,list_available_pipelines,bioetl.composition.factories.pipeline_factories,src/bioetl/composition/factories/pipeline_factories.py,564,composition,() -> list[str],7,,,,,2,9,SELF_ONLY
function,_get_source_config,bioetl.composition.providers._config_helpers,src/bioetl/composition/providers/_config_helpers.py,37,composition,(provider: str) -> SourceYamlConfig | None,15,,,,,4,0,SELF_ONLY
function,_validate_extraction_input_filter_overlap,bioetl.composition.providers.registration,src/bioetl/composition/providers/registration.py,64,composition,"(extraction_params: ExtractionParams, input_filter: InputFilterConfig, logger: LoggerPort) -> None",32,,,,,1,7,SELF_ONLY
function,_create_chembl_data_source,bioetl.composition.providers.registration,src/bioetl/composition/providers/registration.py,98,composition,"(settings: Settings, pipeline_config: PipelineYamlConfig, logger: LoggerPort, filter_config: InputFilterConfig | None=None, metrics: MetricsPort | None=None, pipeline_name: str='unknown') -> DataSourcePort",48,,,,,1,4,SELF_ONLY
function,_create_pubchem_adapter,bioetl.composition.providers.registration,src/bioetl/composition/providers/registration.py,148,composition,"(http_client: UnifiedHTTPClient | None=None, logger: LoggerPort | None=None, settings: Settings | None=None, **kwargs: Any) -> DataSourcePort",33,,,,,3,0,SELF_ONLY
function,_create_pubchem_data_source,bioetl.composition.providers.registration,src/bioetl/composition/providers/registration.py,183,composition,"(settings: Settings, pipeline_config: PipelineYamlConfig, logger: LoggerPort, filter_config: InputFilterConfig | None=None, metrics: MetricsPort | None=None, pipeline_name: str='unknown') -> DataSourcePort",16,,,,,1,0,SELF_ONLY
function,_create_uniprot_data_source,bioetl.composition.providers.registration,src/bioetl/composition/providers/registration.py,201,composition,"(settings: Settings, pipeline_config: PipelineYamlConfig, logger: LoggerPort, filter_config: InputFilterConfig | None=None, metrics: MetricsPort | None=None, pipeline_name: str='unknown') -> DataSourcePort",19,,,,,1,0,SELF_ONLY
function,_create_pubmed_data_source,bioetl.composition.providers.registration,src/bioetl/composition/providers/registration.py,222,composition,"(settings: Settings, pipeline_config: PipelineYamlConfig, logger: LoggerPort, filter_config: InputFilterConfig | None=None, metrics: MetricsPort | None=None, pipeline_name: str='unknown') -> DataSourcePort",28,,,,,1,0,SELF_ONLY
function,_create_crossref_data_source,bioetl.composition.providers.registration,src/bioetl/composition/providers/registration.py,252,composition,"(settings: Settings, pipeline_config: PipelineYamlConfig, logger: LoggerPort, filter_config: InputFilterConfig | None=None, metrics: MetricsPort | None=None, pipeline_name: str='unknown') -> DataSourcePort",44,,,,,1,0,SELF_ONLY
function,_create_openalex_data_source,bioetl.composition.providers.registration,src/bioetl/composition/providers/registration.py,298,composition,"(settings: Settings, pipeline_config: PipelineYamlConfig, logger: LoggerPort, filter_config: InputFilterConfig | None=None, metrics: MetricsPort | None=None, pipeline_name: str='unknown') -> DataSourcePort",44,,,,,1,0,SELF_ONLY
function,_create_semanticscholar_data_source,bioetl.composition.providers.registration,src/bioetl/composition/providers/registration.py,344,composition,"(settings: Settings, pipeline_config: PipelineYamlConfig, logger: LoggerPort, filter_config: InputFilterConfig | None=None, metrics: MetricsPort | None=None, pipeline_name: str='unknown') -> DataSourcePort",51,,,,,1,1,SELF_ONLY
function,_create_uniprot_idmapping_data_source,bioetl.composition.providers.registration,src/bioetl/composition/providers/registration.py,397,composition,"(settings: Settings, pipeline_config: PipelineYamlConfig, logger: LoggerPort, filter_config: InputFilterConfig | None=None, metrics: MetricsPort | None=None, pipeline_name: str='unknown') -> DataSourcePort",72,,,,,1,1,SELF_ONLY
function,get_loaded_status,bioetl.composition.providers.loader,src/bioetl/composition/providers/loader.py,60,composition,() -> bool,3,,,,,1,6,SELF_ONLY
function,reset_loader,bioetl.composition.providers.loader,src/bioetl/composition/providers/loader.py,65,composition,() -> None,5,,,,,1,6,SELF_ONLY
function,get_exit_code_for_exception,bioetl.interfaces.cli.exit_codes,src/bioetl/interfaces/cli/exit_codes.py,95,interfaces,(exc: BaseException) -> ExitCode,23,,,,,2,23,SELF_ONLY
function,release_command,bioetl.interfaces.cli.commands.lock,src/bioetl/interfaces/cli/commands/lock.py,29,interfaces,"(pipeline: str, run_id: str, exclusive: bool) -> None",33,,,,,1,2,SELF_ONLY
function,check_command,bioetl.interfaces.cli.commands.lock,src/bioetl/interfaces/cli/commands/lock.py,67,interfaces,"(pipeline: str, run_id: str) -> None",27,,,,,1,2,SELF_ONLY
function,add_health_server_options,bioetl.interfaces.cli.commands.health_server_integration,src/bioetl/interfaces/cli/commands/health_server_integration.py,78,interfaces,(cmd: click.Command) -> click.Command,28,,,,,2,0,SELF_ONLY
function,checkpoint_list,bioetl.interfaces.cli.commands.checkpoint,src/bioetl/interfaces/cli/commands/checkpoint.py,23,interfaces,(pipeline: str) -> None,12,,,,,1,1,SELF_ONLY
function,_map_status_to_exit_code,bioetl.interfaces.cli.commands.run,src/bioetl/interfaces/cli/commands/run.py,37,interfaces,"(status: PipelineRunResult, error_type: str | None) -> ExitCode",35,,,,,1,21,SELF_ONLY
function,_echo_run_result,bioetl.interfaces.cli.commands.run,src/bioetl/interfaces/cli/commands/run.py,103,interfaces,"(status: PipelineRunResult, error_message: str | None, run_id: str) -> None",31,,,,,1,0,SELF_ONLY
function,quarantine_inspect,bioetl.interfaces.cli.commands.quarantine,src/bioetl/interfaces/cli/commands/quarantine.py,42,interfaces,"(pipeline: str, limit: int, error_code: str | None) -> None",21,,,,,1,1,SELF_ONLY
function,quarantine_stats,bioetl.interfaces.cli.commands.quarantine,src/bioetl/interfaces/cli/commands/quarantine.py,68,interfaces,"(pipeline: str, output_json: bool) -> None",48,,,,,1,0,SELF_ONLY
function,quarantine_replay,bioetl.interfaces.cli.commands.quarantine,src/bioetl/interfaces/cli/commands/quarantine.py,125,interfaces,"(pipeline: str, error_code: str | None, max_age_days: int, dry_run: bool) -> None",43,,,,,1,0,SELF_ONLY
function,quarantine_purge,bioetl.interfaces.cli.commands.quarantine,src/bioetl/interfaces/cli/commands/quarantine.py,177,interfaces,"(pipeline: str, older_than_days: int, dry_run: bool, force: bool) -> None",41,,,,,1,0,SELF_ONLY
function,quarantine_resolve,bioetl.interfaces.cli.commands.quarantine,src/bioetl/interfaces/cli/commands/quarantine.py,226,interfaces,"(pipeline: str, payload_hash: str, status: str) -> None",24,,,,,1,0,SELF_ONLY
function,_preview_cleanup_async,bioetl.interfaces.cli.commands.run_helpers,src/bioetl/interfaces/cli/commands/run_helpers.py,76,interfaces,(pipeline: str) -> None,8,,,,,1,1,SELF_ONLY
function,metrics_server_context,bioetl.interfaces.cli.commands.metrics_server_integration,src/bioetl/interfaces/cli/commands/metrics_server_integration.py,25,interfaces,() -> Iterator[bool],18,,,,,3,0,SELF_ONLY
class,BatchRunResult,bioetl.interfaces.cli.commands.run_all,src/bioetl/interfaces/cli/commands/run_all.py,40,interfaces,,14,,,all_succeeded,,6,37,SELF_ONLY
function,_get_available_providers,bioetl.interfaces.cli.commands.run_all,src/bioetl/interfaces/cli/commands/run_all.py,56,interfaces,() -> list[str],6,,,,,1,9,SELF_ONLY
function,_filter_pipelines_by_provider,bioetl.interfaces.cli.commands.run_all,src/bioetl/interfaces/cli/commands/run_all.py,64,interfaces,(provider: str) -> list[str],5,,,,,2,10,SELF_ONLY
function,_run_pipelines_batch,bioetl.interfaces.cli.commands.run_all,src/bioetl/interfaces/cli/commands/run_all.py,92,interfaces,"(service: PipelineRunnerService, pipelines: list[str], options: RunOptions) -> BatchRunResult",39,,,,,1,0,SELF_ONLY
function,_run_all_pipelines_async,bioetl.interfaces.cli.commands.run_all,src/bioetl/interfaces/cli/commands/run_all.py,133,interfaces,"(pipelines: list[str], options: RunOptions, health_server_enabled: bool=True, health_port: int=DEFAULT_HEALTH_SERVER_PORT) -> BatchRunResult",13,,,,,1,27,SELF_ONLY
function,_echo_batch_summary,bioetl.interfaces.cli.commands.run_all,src/bioetl/interfaces/cli/commands/run_all.py,148,interfaces,"(result: BatchRunResult, dry_run: bool) -> None",17,,,,,1,6,SELF_ONLY
function,_handle_list_only,bioetl.interfaces.cli.commands.run_all,src/bioetl/interfaces/cli/commands/run_all.py,167,interfaces,"(source: str, pipelines: list[str]) -> None",7,,,,,1,0,SELF_ONLY
function,_handle_destructive_confirmation,bioetl.interfaces.cli.commands.run_all,src/bioetl/interfaces/cli/commands/run_all.py,176,interfaces,"(run_type: str, pipelines: list[str], dry_run: bool, yes: bool) -> bool",20,,,,,1,8,SELF_ONLY
function,_show_run_preview,bioetl.interfaces.cli.commands.run_all,src/bioetl/interfaces/cli/commands/run_all.py,198,interfaces,"(source: str, pipelines: list[str], dry_run: bool) -> None",10,,,,,1,0,SELF_ONLY
function,_determine_exit_code,bioetl.interfaces.cli.commands.run_all,src/bioetl/interfaces/cli/commands/run_all.py,210,interfaces,(batch_result: BatchRunResult) -> ExitCode,8,,,,,1,6,SELF_ONLY
function,_config_to_dict,bioetl.interfaces.cli.commands.config,src/bioetl/interfaces/cli/commands/config.py,18,interfaces,"(config: Any) -> dict[str, Any]",13,,,,,1,17,SELF_ONLY
function,show_command,bioetl.interfaces.cli.commands.config,src/bioetl/interfaces/cli/commands/config.py,47,interfaces,"(pipeline: str, output_format: str) -> None",28,,,,,1,2,SELF_ONLY
function,validate_command,bioetl.interfaces.cli.commands.config,src/bioetl/interfaces/cli/commands/config.py,79,interfaces,(pipeline: str) -> None,23,,,,,1,2,SELF_ONLY
function,show_settings_command,bioetl.interfaces.cli.commands.config,src/bioetl/interfaces/cli/commands/config.py,112,interfaces,(output_format: str) -> None,43,,,,,1,2,SELF_ONLY
function,list_pipelines_command,bioetl.interfaces.cli.commands.config,src/bioetl/interfaces/cli/commands/config.py,158,interfaces,() -> None,17,,,,,1,2,SELF_ONLY
function,health_server_command,bioetl.interfaces.cli.commands.health,src/bioetl/interfaces/cli/commands/health.py,41,interfaces,"(host: str, port: int) -> None",54,,,,,1,1,SELF_ONLY
function,_validate_composite_name,bioetl.interfaces.cli.commands.run_composite,src/bioetl/interfaces/cli/commands/run_composite.py,33,interfaces,"(_ctx: click.Context, _param: click.Parameter, value: str) -> str",7,,,,,1,4,SELF_ONLY
function,_run_composite_inner,bioetl.interfaces.cli.commands.run_composite,src/bioetl/interfaces/cli/commands/run_composite.py,42,interfaces,"(composite_name: str, runtime: CompositeRuntimeConfig) -> tuple[bool, str | None]",33,,,,,1,10,SELF_ONLY
function,_run_composite_async,bioetl.interfaces.cli.commands.run_composite,src/bioetl/interfaces/cli/commands/run_composite.py,77,interfaces,"(composite_name: str, runtime: CompositeRuntimeConfig, health_server_enabled: bool=True, health_port: int=DEFAULT_HEALTH_SERVER_PORT) -> tuple[bool, str | None]",25,,,,,1,4,SELF_ONLY
function,run_health_server,bioetl.interfaces.http.health_server,src/bioetl/interfaces/http/health_server.py,285,interfaces,"(host: str='0.0.0.0', port: int=8080, health_monitor: HealthMonitorPort | None=None, logger: LoggerPort | None=None) -> None",18,,,,,2,7,SELF_ONLY
class,ValidationIssue,bioetl.application.composite.preflight_validator,src/bioetl/application/composite/preflight_validator.py,38,application,,16,,,,,12,9,SELF_ONLY
type_alias,SchemaFields,bioetl.application.composite.preflight_validator,src/bioetl/application/composite/preflight_validator.py,98,application,"dict[str, FieldInfo]",1,,,,,8,0,SELF_ONLY
function,_collect_pattern_columns,bioetl.application.composite.column_orderer,src/bioetl/application/composite/column_orderer.py,34,application,"(available: set[str], used: set[str], group: ColumnGroupConfig, sort_fn: _SortFn, logger: LoggerPort) -> list[str]",38,,,,,1,0,SELF_ONLY
function,_path_to_table_name,bioetl.application.composite.merger,src/bioetl/application/composite/merger.py,34,application,(path: str) -> str,26,,,,,4,6,SELF_ONLY
function,_is_comment_of_type,bioetl.application.pipelines.uniprot.extractors.comments,src/bioetl/application/pipelines/uniprot/extractors/comments.py,10,application,"(comment: Any, comment_type: str) -> bool",11,,,,,10,5,SELF_ONLY
function,_extract_reaction_data,bioetl.application.pipelines.uniprot.extractors.comments,src/bioetl/application/pipelines/uniprot/extractors/comments.py,23,application,"(reaction: dict[str, Any]) -> dict[str, Any]",15,,,,,1,0,SELF_ONLY
function,_extract_location_value,bioetl.application.pipelines.uniprot.extractors.comments,src/bioetl/application/pipelines/uniprot/extractors/comments.py,40,application,"(loc: dict[str, Any]) -> str | None",15,,,,,1,0,SELF_ONLY
function,_build_isoform_data,bioetl.application.pipelines.uniprot.extractors.comments,src/bioetl/application/pipelines/uniprot/extractors/comments.py,57,application,"(iso: dict[str, Any]) -> dict[str, Any]",17,,,,,1,0,SELF_ONLY
function,_extract_texts_from_dict,bioetl.application.pipelines.uniprot.extractors.comments,src/bioetl/application/pipelines/uniprot/extractors/comments.py,76,application,"(data: dict[str, Any] | None) -> list[str]",17,,,,,6,6,SELF_ONLY
function,_extract_cofactor_entry,bioetl.application.pipelines.uniprot.extractors.comments,src/bioetl/application/pipelines/uniprot/extractors/comments.py,95,application,"(cofactor: dict[str, Any]) -> dict[str, Any]",27,,,,,1,0,SELF_ONLY
function,_extract_km_entry,bioetl.application.pipelines.uniprot.extractors.comments,src/bioetl/application/pipelines/uniprot/extractors/comments.py,124,application,"(km: dict[str, Any]) -> dict[str, Any]",10,,,,,1,0,SELF_ONLY
function,_extract_vmax_entry,bioetl.application.pipelines.uniprot.extractors.comments,src/bioetl/application/pipelines/uniprot/extractors/comments.py,136,application,"(vmax: dict[str, Any]) -> dict[str, Any]",10,,,,,1,0,SELF_ONLY
function,_extract_list_entries,bioetl.application.pipelines.uniprot.extractors.comments,src/bioetl/application/pipelines/uniprot/extractors/comments.py,148,application,"(data_list: Any, extractor: Any) -> list[dict[str, Any]]",9,,,,,2,0,SELF_ONLY
function,_extract_kinetic_parameters,bioetl.application.pipelines.uniprot.extractors.comments,src/bioetl/application/pipelines/uniprot/extractors/comments.py,159,application,"(kinetics: dict[str, Any]) -> dict[str, Any]",21,,,,,1,0,SELF_ONLY
function,_extract_absorption_data,bioetl.application.pipelines.uniprot.extractors.comments,src/bioetl/application/pipelines/uniprot/extractors/comments.py,182,application,"(absorption: dict[str, Any]) -> dict[str, Any]",9,,,,,1,0,SELF_ONLY
function,_extract_biophys_from_comment,bioetl.application.pipelines.uniprot.extractors.comments,src/bioetl/application/pipelines/uniprot/extractors/comments.py,193,application,"(comment: dict[str, Any]) -> dict[str, Any]",38,,,,,1,0,SELF_ONLY
function,_extract_feature_location,bioetl.application.pipelines.uniprot.extractors.features,src/bioetl/application/pipelines/uniprot/extractors/features.py,10,application,"(location: dict[str, Any], feature_data: dict[str, Any]) -> None",15,,,,,1,0,SELF_ONLY
function,_build_feature_dict,bioetl.application.pipelines.uniprot.extractors.features,src/bioetl/application/pipelines/uniprot/extractors/features.py,27,application,"(feature: dict[str, Any]) -> dict[str, Any]",22,,,,,3,0,SELF_ONLY
function,_build_keyword_dict,bioetl.application.pipelines.uniprot.extractors.features,src/bioetl/application/pipelines/uniprot/extractors/features.py,51,application,"(kw: dict[str, Any]) -> dict[str, Any]",17,,,,,1,0,SELF_ONLY
function,get_int,bioetl.application.pipelines.pubmed.xml_parser,src/bioetl/application/pipelines/pubmed/xml_parser.py,41,application,(node: ET.Element | None) -> int | None,36,,,,,5,16,SELF_ONLY
class,ArticleIdentifiers,bioetl.application.pipelines.pubmed.extractors.identifier,src/bioetl/application/pipelines/pubmed/extractors/identifier.py,15,application,,5,TypedDict,,,,2,0,SELF_ONLY
constant,EMAIL_PATTERN,bioetl.application.pipelines.pubmed.extractors.author,src/bioetl/application/pipelines/pubmed/extractors/author.py,25,application,,1,,,,,1,0,SELF_ONLY
class,RawClassification,bioetl.application.pipelines.pubmed.extractors.classification,src/bioetl/application/pipelines/pubmed/extractors/classification.py,14,application,,6,TypedDict,,,,3,0,SELF_ONLY
class,NormalizedClassification,bioetl.application.pipelines.pubmed.extractors.classification,src/bioetl/application/pipelines/pubmed/extractors/classification.py,22,application,,6,TypedDict,,,,2,0,SELF_ONLY
class,RawDate,bioetl.application.pipelines.pubmed.extractors.date,src/bioetl/application/pipelines/pubmed/extractors/date.py,25,application,,6,TypedDict,,,,6,0,SELF_ONLY
class,NormalizedDate,bioetl.application.pipelines.pubmed.extractors.date,src/bioetl/application/pipelines/pubmed/extractors/date.py,33,application,,5,TypedDict,,,,2,1,SELF_ONLY
class,MedlineDateParser,bioetl.application.pipelines.pubmed.extractors.date,src/bioetl/application/pipelines/pubmed/extractors/date.py,40,application,,137,,,parse,_extract_year|_extract_month,3,0,SELF_ONLY
function,_clean_string,bioetl.application.pipelines.crossref.reference_extractors,src/bioetl/application/pipelines/crossref/reference_extractors.py,17,application,"(value: Any, lowercase: bool=False) -> str | None",8,,,,,14,0,SELF_ONLY
function,_parse_year,bioetl.application.pipelines.crossref.reference_extractors,src/bioetl/application/pipelines/crossref/reference_extractors.py,27,application,(year_raw: Any) -> int | None,11,,,,,1,0,SELF_ONLY
function,_normalize_orcid,bioetl.application.pipelines.crossref.author_extractors,src/bioetl/application/pipelines/crossref/author_extractors.py,17,application,(orcid_value: str | None) -> str | None,21,,,,,2,0,SELF_ONLY
function,_extract_author_sequence,bioetl.application.pipelines.crossref.author_extractors,src/bioetl/application/pipelines/crossref/author_extractors.py,40,application,"(author: dict[str, Any]) -> str | None",7,,,,,1,0,SELF_ONLY
function,_extract_author_affiliations_list,bioetl.application.pipelines.crossref.author_extractors,src/bioetl/application/pipelines/crossref/author_extractors.py,49,application,"(author: dict[str, Any]) -> list[str]",13,,,,,1,0,SELF_ONLY
function,_build_author_detail,bioetl.application.pipelines.crossref.author_extractors,src/bioetl/application/pipelines/crossref/author_extractors.py,64,application,"(author: dict[str, Any]) -> dict[str, Any] | None",27,,,,,1,0,SELF_ONLY
function,_extract_id_from_url,bioetl.application.pipelines.openalex.extractors,src/bioetl/application/pipelines/openalex/extractors.py,43,application,(url: str | None) -> str | None,12,,,,,6,0,SELF_ONLY
function,_get_nested_display_name,bioetl.application.pipelines.openalex.extractors,src/bioetl/application/pipelines/openalex/extractors.py,57,application,(obj: Any) -> str | None,12,,,,,3,0,SELF_ONLY
function,_parse_topic_dict,bioetl.application.pipelines.openalex.extractors,src/bioetl/application/pipelines/openalex/extractors.py,71,application,"(topic: dict[str, Any]) -> dict[str, Any] | None",24,,,,,2,0,SELF_ONLY
function,_extract_orcid_from_url,bioetl.application.pipelines.openalex.extractors,src/bioetl/application/pipelines/openalex/extractors.py,132,application,(url: str | None) -> str,22,,,,,1,0,SELF_ONLY
function,_parse_grant_dict,bioetl.application.pipelines.openalex.extractors,src/bioetl/application/pipelines/openalex/extractors.py,347,application,"(grant: dict[str, Any]) -> dict[str, Any] | None",21,,,,,1,0,SELF_ONLY
constant,OA_STATUS_SET,bioetl.application.pipelines.semanticscholar.extractors,src/bioetl/application/pipelines/semanticscholar/extractors.py,163,application,,1,,,,,2,0,SELF_ONLY
function,_extract_variant,bioetl.application.pipelines.chembl.assay_transformer,src/bioetl/application/pipelines/chembl/assay_transformer.py,51,application,"(data: dict[str, Any] | None) -> dict[str, Any]",15,,,,,1,0,SELF_ONLY
class,DataSourceFactoryPort,bioetl.application.services.health_service,src/bioetl/application/services/health_service.py,22,application,,15,Protocol,Port,list_providers|create,,1,4,SELF_ONLY
function,_scan_layer_for_tables,bioetl.application.services.export_service,src/bioetl/application/services/export_service.py,114,application,"(base_path: Path, layer_name: str) -> list[TableInfo]",20,,,,,2,0,SELF_ONLY
function,_scan_provider_for_tables,bioetl.application.services.export_service,src/bioetl/application/services/export_service.py,136,application,"(provider_dir: Path, layer_name: str) -> list[TableInfo]",20,,,,,1,0,SELF_ONLY
function,_write_delimited_file,bioetl.application.services.export_service,src/bioetl/application/services/export_service.py,158,application,"(table: pa.Table, output_path: Path, delimiter: str=',') -> Path",21,,,,,2,0,SELF_ONLY
function,_write_xlsx_file,bioetl.application.services.export_service,src/bioetl/application/services/export_service.py,181,application,"(table: pa.Table, output_path: Path) -> Path",26,,,,,1,3,SELF_ONLY
class,PipelineSettingsProtocol,bioetl.application.services.config_service,src/bioetl/application/services/config_service.py,22,application,,5,Protocol,Protocol,,,1,0,SELF_ONLY
class,SettingsProtocol,bioetl.application.services.config_service,src/bioetl/application/services/config_service.py,30,application,,39,Protocol,Protocol,bronze_path|silver_path|gold_path|checkpoint_path|quarantine_path|model_dump,,1,0,SELF_ONLY
class,PipelineYamlConfigProtocol,bioetl.application.services.config_service,src/bioetl/application/services/config_service.py,72,application,,11,Protocol,Protocol,model_dump,,2,0,SELF_ONLY
class,PipelineRegistryProtocol,bioetl.application.services.config_service,src/bioetl/application/services/config_service.py,86,application,,6,Protocol,Protocol,list_pipelines,,1,0,SELF_ONLY
class,SettingsLoaderProtocol,bioetl.application.services.config_service,src/bioetl/application/services/config_service.py,94,application,,6,Protocol,Protocol,,__call__,1,0,SELF_ONLY
class,PipelineConfigLoaderProtocol,bioetl.application.services.config_service,src/bioetl/application/services/config_service.py,102,application,,6,Protocol,Protocol,,__call__,1,0,SELF_ONLY
class,DomainConfigMapperProtocol,bioetl.application.services.config_service,src/bioetl/application/services/config_service.py,110,application,,6,Protocol,Protocol,,__call__,1,0,SELF_ONLY
class,RegistryAccessorProtocol,bioetl.application.services.config_service,src/bioetl/application/services/config_service.py,118,application,,6,Protocol,Protocol,,__call__,1,0,SELF_ONLY
constant,FRESHNESS_WARNING_HOURS,bioetl.application.services.dq._checks_basic,src/bioetl/application/services/dq/_checks_basic.py,20,application,,1,,,,,1,0,SELF_ONLY
constant,FRESHNESS_CRITICAL_HOURS,bioetl.application.services.dq._checks_basic,src/bioetl/application/services/dq/_checks_basic.py,21,application,,1,,,,,1,0,SELF_ONLY
function,_check_not_null_rule,bioetl.application.services.dq._checks_business,src/bioetl/application/services/dq/_checks_business.py,19,application,"(df: pl.DataFrame, column: str) -> tuple[bool, int | None]",4,,,,,1,0,SELF_ONLY
function,_check_range_rule,bioetl.application.services.dq._checks_business,src/bioetl/application/services/dq/_checks_business.py,25,application,"(df: pl.DataFrame, column: str, min_val: Any | None, max_val: Any | None) -> tuple[bool, int]",14,,,,,1,0,SELF_ONLY
function,_check_in_list_rule,bioetl.application.services.dq._checks_business,src/bioetl/application/services/dq/_checks_business.py,41,application,"(df: pl.DataFrame, column: str, allowed: list[Any]) -> tuple[bool, int | None]",8,,,,,1,0,SELF_ONLY
function,_check_regex_rule,bioetl.application.services.dq._checks_business,src/bioetl/application/services/dq/_checks_business.py,51,application,"(df: pl.DataFrame, column: str, pattern: str) -> tuple[bool, int | None]",8,,,,,1,0,SELF_ONLY
function,_evaluate_single_rule,bioetl.application.services.dq._checks_business,src/bioetl/application/services/dq/_checks_business.py,61,application,"(df: pl.DataFrame, rule: dict[str, Any]) -> tuple[bool, int | None]",19,,,,,1,0,SELF_ONLY
constant,NULL_RATE_WARNING_MULTIPLIER,bioetl.application.services.dq._checks_statistical,src/bioetl/application/services/dq/_checks_statistical.py,21,application,,1,,,,,2,0,SELF_ONLY
constant,NULL_RATE_CRITICAL_MULTIPLIER,bioetl.application.services.dq._checks_statistical,src/bioetl/application/services/dq/_checks_statistical.py,22,application,,1,,,,,2,0,SELF_ONLY
constant,RECORD_COUNT_WARNING_THRESHOLD,bioetl.application.services.dq._checks_statistical,src/bioetl/application/services/dq/_checks_statistical.py,23,application,,1,,,,,2,0,SELF_ONLY
constant,RECORD_COUNT_CRITICAL_THRESHOLD,bioetl.application.services.dq._checks_statistical,src/bioetl/application/services/dq/_checks_statistical.py,24,application,,1,,,,,2,0,SELF_ONLY
function,convert_value,bioetl.application.services.dq.dq_report_builders,src/bioetl/application/services/dq/dq_report_builders.py,21,application,(value: Any) -> Any,25,,,,,4,11,SELF_ONLY
function,_span_context,bioetl.application.observability.span_helpers,src/bioetl/application/observability/span_helpers.py,27,application,"(tracer: TracingPort, name: str, attributes: dict[str, Any] | None=None, tracer_name: str='bioetl') -> Generator[Any, None, None]",20,,,,,2,0,SELF_ONLY
function,map_field,bioetl.application.core.field_specs,src/bioetl/application/core/field_specs.py,123,application,"(record: BronzeRecord, spec: FieldSpec) -> tuple[str, Any]",27,,,,,2,17,SELF_ONLY
function,map_fields,bioetl.application.core.field_specs,src/bioetl/application/core/field_specs.py,152,application,"(record: BronzeRecord, specs: Sequence[FieldSpec]) -> dict[str, Any]",32,,,,,5,9,SELF_ONLY
function,map_field_group,bioetl.application.core.field_specs,src/bioetl/application/core/field_specs.py,186,application,"(record: BronzeRecord, group: FieldGroup) -> dict[str, Any]",30,,,,,3,4,SELF_ONLY
function,pmid_fields,bioetl.application.core.field_specs,src/bioetl/application/core/field_specs.py,291,application,"(*field_names: str) -> tuple[FieldSpec, ...]",13,,,,,2,5,SELF_ONLY
constant,V,bioetl.application.core.base_transformer,src/bioetl/application/core/base_transformer.py,43,application,,1,,,,,3,0,SELF_ONLY
class,ValueObjectWithFromRaw,bioetl.application.core.base_transformer,src/bioetl/application/core/base_transformer.py,47,application,,16,Protocol[V],,from_raw|value,,2,0,SELF_ONLY
class,_HealthAggregator,bioetl.application.core.preflight_service,src/bioetl/application/core/preflight_service.py,45,application,,227,,,check_all|assert_healthy,__init__|_check_storage|_check_data_source|_record_metrics|_log_report,3,3,SELF_ONLY
class,_MedallionConfigValidator,bioetl.application.core.preflight_service,src/bioetl/application/core/preflight_service.py,279,application,,265,,,validate_medallion_config|validate_write_modes,__init__|_validate_layer_formats|_validate_path_uniqueness|_validate_medallion_policy_consistency|_log_medallion_validation_result,2,3,SELF_ONLY
class,ExecutorMetricsProtocol,bioetl.application.core.postrun_service,src/bioetl/application/core/postrun_service.py,44,application,,11,Protocol,Protocol,,,4,0,SELF_ONLY
function,_extract_nested_values,bioetl.application.core.dict_transformers,src/bioetl/application/core/dict_transformers.py,139,application,"(items: list[dict[str, Any]], field: str) -> list[Any]",9,,,,,1,0,SELF_ONLY
function,_get_last_day_of_month,bioetl.domain.normalization,src/bioetl/domain/normalization.py,41,domain,"(year: int, month: int) -> int",5,,,,,1,0,SELF_ONLY
function,_is_electronic_page,bioetl.domain.normalization,src/bioetl/domain/normalization.py,116,domain,(page: str) -> bool,3,,,,,1,0,SELF_ONLY
function,_extract_digits,bioetl.domain.normalization,src/bioetl/domain/normalization.py,121,domain,(s: str) -> str,3,,,,,2,0,SELF_ONLY
function,_extract_non_digits,bioetl.domain.normalization,src/bioetl/domain/normalization.py,126,domain,(s: str) -> str,3,,,,,1,0,SELF_ONLY
function,_is_abbreviated,bioetl.domain.normalization,src/bioetl/domain/normalization.py,131,domain,"(first_digits: str, last_digits: str) -> bool",7,,,,,1,0,SELF_ONLY
function,_compute_expanded_page,bioetl.domain.normalization,src/bioetl/domain/normalization.py,140,domain,"(first_digits: str, last_digits: str) -> int",7,,,,,1,0,SELF_ONLY
function,_expand_abbreviated_page,bioetl.domain.normalization,src/bioetl/domain/normalization.py,149,domain,"(first_page: str, last_page_raw: str) -> str",10,,,,,1,2,SELF_ONLY
function,_normalize_and_split_pages,bioetl.domain.normalization,src/bioetl/domain/normalization.py,161,domain,"(page: str) -> tuple[str, str | None]",11,,,,,1,0,SELF_ONLY
function,_prepare_page_input,bioetl.domain.normalization,src/bioetl/domain/normalization.py,174,domain,(page: str | None) -> str | None,6,,,,,1,0,SELF_ONLY
function,_is_valid_string,bioetl.domain.normalization,src/bioetl/domain/normalization.py,223,domain,(item: Any) -> str | None,3,,,,,1,0,SELF_ONLY
function,_filter_valid_strings,bioetl.domain.normalization,src/bioetl/domain/normalization.py,235,domain,(items: list[Any]) -> list[str],3,,,,,1,0,SELF_ONLY
function,_try_parse_json_array,bioetl.domain.normalization,src/bioetl/domain/normalization.py,245,domain,(text: str) -> list[Any] | None,7,,,,,1,0,SELF_ONLY
function,_parse_authors_from_delimited,bioetl.domain.normalization,src/bioetl/domain/normalization.py,262,domain,(text: str) -> list[str],5,,,,,1,0,SELF_ONLY
function,_escape_non_ascii,bioetl.domain.serialization,src/bioetl/domain/serialization.py,132,domain,(text: str) -> str,3,,,,,1,6,SELF_ONLY
function,_has_non_ascii,bioetl.domain.serialization,src/bioetl/domain/serialization.py,137,domain,(text: str) -> bool,3,,,,,1,6,SELF_ONLY
function,_get_orjson_options,bioetl.domain.serialization,src/bioetl/domain/serialization.py,142,domain,(sort_keys: bool) -> int,6,,,,,1,0,SELF_ONLY
function,_serialize_with_orjson,bioetl.domain.serialization,src/bioetl/domain/serialization.py,150,domain,"(data: dict[str, Any] | list[Any], *, sort_keys: bool=True, ensure_ascii: bool=True) -> str",13,,,,,1,0,SELF_ONLY
function,_serialize_with_stdlib,bioetl.domain.serialization,src/bioetl/domain/serialization.py,165,domain,"(data: dict[str, Any] | list[Any], *, sort_keys: bool=True, ensure_ascii: bool=True) -> str",15,,,,,1,0,SELF_ONLY
function,_deserialize_with_orjson,bioetl.domain.serialization,src/bioetl/domain/serialization.py,182,domain,"(data: str | bytes) -> dict[str, Any] | list[Any]",8,,,,,1,0,SELF_ONLY
function,_deserialize_with_stdlib,bioetl.domain.serialization,src/bioetl/domain/serialization.py,192,domain,"(data: str | bytes) -> dict[str, Any] | list[Any]",9,,,,,1,0,SELF_ONLY
function,_validate_non_negative,bioetl.domain.resilience,src/bioetl/domain/resilience.py,191,domain,"(name: str, value: int) -> None",4,,,,,1,0,SELF_ONLY
function,_normalize_value,bioetl.domain.transformations,src/bioetl/domain/transformations.py,31,domain,(value: Any) -> Any,3,,,,,9,2,SELF_ONLY
function,_normalize_float,bioetl.domain.transformations,src/bioetl/domain/transformations.py,37,domain,(value: float) -> float | None,5,,,,,1,0,SELF_ONLY
function,_normalize_datetime,bioetl.domain.transformations,src/bioetl/domain/transformations.py,45,domain,(value: datetime) -> str,3,,,,,1,0,SELF_ONLY
function,_normalize_date,bioetl.domain.transformations,src/bioetl/domain/transformations.py,51,domain,(value: date) -> str,3,,,,,1,0,SELF_ONLY
function,_normalize_str,bioetl.domain.transformations,src/bioetl/domain/transformations.py,57,domain,(value: str) -> str,3,,,,,1,0,SELF_ONLY
function,_normalize_dict,bioetl.domain.transformations,src/bioetl/domain/transformations.py,63,domain,"(value: dict[str, Any]) -> dict[str, Any]",3,,,,,1,0,SELF_ONLY
function,_should_include_field,bioetl.domain.transformations,src/bioetl/domain/transformations.py,85,domain,"(key: str, value: Any, exclude_none: bool) -> bool",5,,,,,1,0,SELF_ONLY
function,_match_error_type,bioetl.domain.error_classifier,src/bioetl/domain/error_classifier.py,60,domain,(error_name: str) -> ErrorType,13,,,,,1,0,SELF_ONLY
function,_get_default_config,bioetl.domain.validation,src/bioetl/domain/validation.py,80,domain,() -> ValidationConfig,5,,,,,1,0,SELF_ONLY
function,validate_publication_year,bioetl.domain.validation,src/bioetl/domain/validation.py,127,domain,"(year: int | None, config: ValidationConfig | None=None) -> tuple[int | None, bool]",30,,,,,4,13,SELF_ONLY
function,validate_inchi_key,bioetl.domain.validation,src/bioetl/domain/validation.py,382,domain,(key: str | None) -> bool,28,,,,,6,8,SELF_ONLY
function,_now_utc,bioetl.domain.context,src/bioetl/domain/context.py,21,domain,() -> datetime,3,,,,,1,0,SELF_ONLY
function,_parse_enrichment_status,bioetl.domain.composite.lineage,src/bioetl/domain/composite/lineage.py,102,domain,"(raw: object) -> dict[str, EnrichmentStatusRecord]",13,,,,,1,10,SELF_ONLY
function,_ensure_utc,bioetl.domain.composite.lineage,src/bioetl/domain/composite/lineage.py,117,domain,(dt: datetime) -> datetime,3,,,,,4,6,SELF_ONLY
function,_parse_timestamps,bioetl.domain.composite.lineage,src/bioetl/domain/composite/lineage.py,122,domain,"(raw: object) -> dict[str, datetime]",11,,,,,1,10,SELF_ONLY
function,_parse_datetime,bioetl.domain.composite.lineage,src/bioetl/domain/composite/lineage.py,135,domain,(raw: object) -> datetime | None,7,,,,,1,12,SELF_ONLY
function,_parse_providers,bioetl.domain.composite.lineage,src/bioetl/domain/composite/lineage.py,144,domain,"(raw: object) -> tuple[str, ...]",5,,,,,1,10,SELF_ONLY
function,_parse_field_sources,bioetl.domain.composite.lineage,src/bioetl/domain/composite/lineage.py,151,domain,"(raw: object) -> dict[str, str]",5,,,,,1,8,SELF_ONLY
function,_parse_seed_id,bioetl.domain.composite.lineage,src/bioetl/domain/composite/lineage.py,158,domain,(raw: object) -> str | None,3,,,,,1,10,SELF_ONLY
function,_coerce_to_tuple,bioetl.domain.composite.config,src/bioetl/domain/composite/config.py,310,domain,"(obj: object, attr: str) -> None",5,,,,,3,0,SELF_ONLY
function,_coerce_column_groups,bioetl.domain.composite.config,src/bioetl/domain/composite/config.py,317,domain,"(obj: object, attr: str) -> None",9,,,,,2,0,SELF_ONLY
function,_validate_positive_limit,bioetl.domain.composite.config,src/bioetl/domain/composite/config.py,1009,domain,"(limit: int | None, context: str) -> None",4,,,,,2,0,SELF_ONLY
function,_validate_optional_threshold,bioetl.domain.composite.config,src/bioetl/domain/composite/config.py,1015,domain,"(value: float | None, name: str) -> None",4,,,,,2,0,SELF_ONLY
function,_validate_threshold_order,bioetl.domain.composite.config,src/bioetl/domain/composite/config.py,1021,domain,"(soft: float | None, hard: float | None) -> None",4,,,,,1,0,SELF_ONLY
function,_validate_stage_name,bioetl.domain.aggregates.pipeline_run,src/bioetl/domain/aggregates/pipeline_run.py,49,domain,(stage: str) -> None,4,,,,,1,0,SELF_ONLY
function,_validate_stage_completion,bioetl.domain.aggregates.pipeline_run,src/bioetl/domain/aggregates/pipeline_run.py,55,domain,"(status: StageStatus, error: str | None, completed_at: datetime | None) -> None",12,,,,,1,0,SELF_ONLY
function,_validate_stage_result,bioetl.domain.aggregates.pipeline_run,src/bioetl/domain/aggregates/pipeline_run.py,69,domain,"(stage: str, status: StageStatus, error: str | None, completed_at: datetime | None, records_processed: int) -> None",12,,,,,1,0,SELF_ONLY
class,ResolutionInfo,bioetl.domain.aggregates.quarantine_entry,src/bioetl/domain/aggregates/quarantine_entry.py,63,domain,,24,,,,__post_init__,5,10,SELF_ONLY
function,_validate_quarantine_required_fields,bioetl.domain.aggregates.quarantine_entry,src/bioetl/domain/aggregates/quarantine_entry.py,89,domain,"(entry_id: str, pipeline_name: str, error_code: str, payload: dict[str, Any], payload_hash: ContentHash) -> None",18,,,,,1,0,SELF_ONLY
function,_build_reverse_mapping,bioetl.domain.mapping.publication_fields,src/bioetl/domain/mapping/publication_fields.py,133,domain,"() -> dict[ProviderName, dict[str, str]]",6,,,,,1,0,SELF_ONLY
function,_build_lookups,bioetl.domain.mapping.publication_type_classification,src/bioetl/domain/mapping/publication_type_classification.py,1530,domain,"() -> tuple[dict[str, PublicationTypeEntry], dict[str, PublicationTypeEntry], dict[str, PublicationTypeEntry], dict[str, PublicationTypeEntry]]",45,,,,,1,0,SELF_ONLY
function,_best_match,bioetl.domain.mapping.publication_type_classification,src/bioetl/domain/mapping/publication_type_classification.py,1624,domain,"(lookup: dict[str, PublicationTypeEntry], raw_types: list[str]) -> PublicationTypeEntry | None",11,,,,,1,0,SELF_ONLY
function,_get_lookup,bioetl.domain.mapping.publication_type_classification,src/bioetl/domain/mapping/publication_type_classification.py,1647,domain,"(provider: str) -> dict[str, PublicationTypeEntry] | None",3,,,,,1,0,SELF_ONLY
function,_validate_tanimoto,bioetl.domain.entities.chembl_structures,src/bioetl/domain/entities/chembl_structures.py,333,domain,"(value: float | None, field_name: str) -> None",4,,,,,4,0,SELF_ONLY
function,_safe_int,bioetl.domain.entities.bioactivity,src/bioetl/domain/entities/bioactivity.py,15,domain,(val: Any) -> int | None,8,,,,,8,0,SELF_ONLY
function,_safe_float,bioetl.domain.entities.bioactivity,src/bioetl/domain/entities/bioactivity.py,25,domain,(val: Any) -> float | None,8,,,,,5,0,SELF_ONLY
function,_safe_str,bioetl.domain.entities.bioactivity,src/bioetl/domain/entities/bioactivity.py,35,domain,(val: Any) -> str | None,3,,,,,34,0,SELF_ONLY
function,_require_field,bioetl.domain.entities.bioactivity,src/bioetl/domain/entities/bioactivity.py,40,domain,"(raw_data: dict[str, Any], field: str) -> Any",6,,,,,2,0,SELF_ONLY
function,_safe_json,bioetl.domain.entities.bioactivity,src/bioetl/domain/entities/bioactivity.py,48,domain,(val: Any) -> str | None,5,,,,,1,0,SELF_ONLY
class,CompositeMoleculeGoldSchema,bioetl.domain.contracts.gold.composite,src/bioetl/domain/contracts/gold/composite.py,124,domain,,93,pa.DataFrameModel,Schema,,,2,0,SELF_ONLY
function,_build_schema_error_message,bioetl.domain.exceptions.infrastructure,src/bioetl/domain/exceptions/infrastructure.py,193,domain,"(table: str, new_fields: set[str], removed_fields: set[str]) -> str",10,,,,,1,5,SELF_ONLY
function,_format_column_diff,bioetl.domain.exceptions.infrastructure,src/bioetl/domain/exceptions/infrastructure.py,437,domain,"(expected_columns: list[str], actual_columns: list[str]) -> list[str]",12,,,,,1,6,SELF_ONLY
function,_format_type_mismatches,bioetl.domain.exceptions.infrastructure,src/bioetl/domain/exceptions/infrastructure.py,451,domain,"(type_mismatches: dict[str, tuple[str, str]]) -> str",9,,,,,1,4,SELF_ONLY
function,_build_schema_validation_message,bioetl.domain.exceptions.infrastructure,src/bioetl/domain/exceptions/infrastructure.py,462,domain,"(table_path: str, expected_columns: list[str], actual_columns: list[str], type_mismatches: dict[str, tuple[str, str]]) -> str",16,,,,,1,5,SELF_ONLY
function,_filter_present,bioetl.domain.schemas.column_order,src/bioetl/domain/schemas/column_order.py,85,domain,"(ordered_fields: tuple[str, ...], present: frozenset[str]) -> list[str]",5,,,,,3,0,SELF_ONLY
constant,ISO8601_TIMESTAMP_REGEX,bioetl.domain.schemas.base,src/bioetl/domain/schemas/base.py,13,domain,,1,,,,,1,0,SELF_ONLY
function,is_valid_json,bioetl.domain.schemas.validators,src/bioetl/domain/schemas/validators.py,45,domain,(series: pd.Series) -> pd.Series,20,,,,,2,8,SELF_ONLY
function,is_valid_json_array,bioetl.domain.schemas.validators,src/bioetl/domain/schemas/validators.py,67,domain,(series: pd.Series) -> pd.Series,20,,,,,2,8,SELF_ONLY
function,is_valid_json_object,bioetl.domain.schemas.validators,src/bioetl/domain/schemas/validators.py,89,domain,(series: pd.Series) -> pd.Series,20,,,,,2,9,SELF_ONLY
constant,MAPPING_STATUSES,bioetl.domain.schemas.uniprot.idmapping,src/bioetl/domain/schemas/uniprot/idmapping.py,22,domain,,1,,,,,2,10,SELF_ONLY
constant,PUBLICATION_STATUSES,bioetl.domain.schemas.pubmed.publication,src/bioetl/domain/schemas/pubmed/publication.py,32,domain,,1,,,,,1,0,SELF_ONLY
constant,ISSN_TYPES,bioetl.domain.schemas.pubmed.publication,src/bioetl/domain/schemas/pubmed/publication.py,33,domain,,1,,,,,1,0,SELF_ONLY
type_alias,DataContainerDict,bioetl.domain.ports.dq_report,src/bioetl/domain/ports/dq_report.py,38,domain,"dict[str, Any]",1,,,,,1,0,SELF_ONLY
class,_NoOpSpan,bioetl.domain.ports.noop,src/bioetl/domain/ports/noop.py,37,domain,,27,,,set_attribute|set_status|record_exception,__enter__|__exit__,3,9,SELF_ONLY
class,_NoOpOtelTracer,bioetl.domain.ports.noop,src/bioetl/domain/ports/noop.py,66,domain,,15,,,start_as_current_span,,2,6,SELF_ONLY
class,ConcentrationRangeConfig,bioetl.domain.services.normalization_config,src/bioetl/domain/services/normalization_config.py,17,domain,,19,,Config,,__post_init__,3,7,SELF_ONLY
class,PChemblRangeConfig,bioetl.domain.services.normalization_config,src/bioetl/domain/services/normalization_config.py,39,domain,,33,,Config,,__post_init__|_validate_absolute_range|_validate_typical_range,2,9,SELF_ONLY
constant,PCHEMBL_MIN,bioetl.domain.services.value_validator,src/bioetl/domain/services/value_validator.py,34,domain,,1,,,,,1,2,SELF_ONLY
constant,PCHEMBL_MAX,bioetl.domain.services.value_validator,src/bioetl/domain/services/value_validator.py,35,domain,,1,,,,,2,2,SELF_ONLY
constant,PCHEMBL_TYPICAL_MIN,bioetl.domain.services.value_validator,src/bioetl/domain/services/value_validator.py,36,domain,,1,,,,,2,0,SELF_ONLY
constant,PCHEMBL_TYPICAL_MAX,bioetl.domain.services.value_validator,src/bioetl/domain/services/value_validator.py,37,domain,,1,,,,,2,0,SELF_ONLY
class,AggregationMethod,bioetl.domain.services.activity_aggregator,src/bioetl/domain/services/activity_aggregator.py,27,domain,,8,StrEnum,,,,21,13,SELF_ONLY
function,_geometric_mean,bioetl.domain.services.activity_aggregator,src/bioetl/domain/services/activity_aggregator.py,37,domain,(values: Sequence[float]) -> float,21,,,,,1,0,SELF_ONLY
function,_median_absolute_deviation,bioetl.domain.services.activity_aggregator,src/bioetl/domain/services/activity_aggregator.py,60,domain,(values: Sequence[float]) -> float,17,,,,,1,0,SELF_ONLY
class,NormalizationResult,bioetl.domain.services.normalization_service,src/bioetl/domain/services/normalization_service.py,27,domain,,18,,,,,21,7,SELF_ONLY
function,_serialize_dataclass,bioetl.domain.services.dq_serializer,src/bioetl/domain/services/dq_serializer.py,42,domain,"(value: Any) -> dict[str, Any]",6,,,,,1,0,SELF_ONLY
function,_serialize_collection,bioetl.domain.services.dq_serializer,src/bioetl/domain/services/dq_serializer.py,50,domain,"(value: dict[str, Any] | list[Any] | tuple[Any, ...]) -> Any",5,,,,,1,0,SELF_ONLY
function,_is_dataclass_instance,bioetl.domain.services.dq_serializer,src/bioetl/domain/services/dq_serializer.py,57,domain,(value: Any) -> bool,3,,,,,1,0,SELF_ONLY
function,_compute_column_stats,bioetl.domain.value_objects.dq_metrics,src/bioetl/domain/value_objects/dq_metrics.py,229,domain,"(records: list[dict[str, Any]]) -> dict[str, ColumnStats]",19,,,,,1,7,SELF_ONLY
function,_collect_all_columns,bioetl.domain.value_objects.dq_metrics,src/bioetl/domain/value_objects/dq_metrics.py,250,domain,"(records: list[dict[str, Any]]) -> set[str]",13,,,,,1,0,SELF_ONLY
function,_compute_single_column_stats,bioetl.domain.value_objects.dq_metrics,src/bioetl/domain/value_objects/dq_metrics.py,265,domain,"(records: list[dict[str, Any]], col_name: str) -> ColumnStats",26,,,,,1,0,SELF_ONLY
function,_filter_non_null,bioetl.domain.value_objects.dq_metrics,src/bioetl/domain/value_objects/dq_metrics.py,293,domain,(values: list[Any]) -> list[Any],10,,,,,1,0,SELF_ONLY
function,_calculate_null_rate,bioetl.domain.value_objects.dq_metrics,src/bioetl/domain/value_objects/dq_metrics.py,305,domain,"(values: list[Any], total: int) -> float",12,,,,,1,0,SELF_ONLY
function,_make_hashable,bioetl.domain.value_objects.dq_metrics,src/bioetl/domain/value_objects/dq_metrics.py,319,domain,(value: Any) -> Any,16,,,,,3,1,SELF_ONLY
function,_calculate_unique_count,bioetl.domain.value_objects.dq_metrics,src/bioetl/domain/value_objects/dq_metrics.py,337,domain,(values: list[Any]) -> int,16,,,,,1,0,SELF_ONLY
function,_compute_numeric_stats,bioetl.domain.value_objects.dq_metrics,src/bioetl/domain/value_objects/dq_metrics.py,355,domain,"(values: list[Any]) -> tuple[float | None, float | None, float | None]",20,,,,,1,0,SELF_ONLY
function,_is_valid_numeric,bioetl.domain.value_objects.dq_metrics,src/bioetl/domain/value_objects/dq_metrics.py,377,domain,(v: Any) -> bool,16,,,,,1,0,SELF_ONLY
function,_extract_numeric_values,bioetl.domain.value_objects.dq_metrics,src/bioetl/domain/value_objects/dq_metrics.py,395,domain,(values: list[Any]) -> list[float],10,,,,,1,8,SELF_ONLY
