hash,count,loc,entities
227d775e2251a2207287091a1ef21ed6f0c04a5ab5a17ee437756ab8c761da4b,187,3,bioetl.application.core.base_transformer.ValueObjectWithFromRaw.from_raw@src/bioetl/application/core/base_transformer.py:55;bioetl.application.core.base_transformer.ValueObjectWithFromRaw.value@src/bioetl/application/core/base_transformer.py:60;bioetl.application.core.base_transformer.BaseTransformer._transform_impl@src/bioetl/application/core/base_transformer.py:386;bioetl.application.core.protocols.TransformCallback.__call__@src/bioetl/application/core/protocols.py:21;bioetl.application.core.protocols.GoldFilterCallback.__call__@src/bioetl/application/core/protocols.py:31;bioetl.application.core.protocols.GoldTransformCallback.__call__@src/bioetl/application/core/protocols.py:42;bioetl.application.core.protocols.TransformerPort.transform@src/bioetl/application/core/protocols.py:67;bioetl.application.pipelines.chembl.base_chembl_transformer.BaseChemblTransformer._extract_business_data@src/bioetl/application/pipelines/chembl/base_chembl_transformer.py:160;bioetl.application.pipelines.common.base_publication_transformer.BasePublicationTransformer._extract_business_data@src/bioetl/application/pipelines/common/base_publication_transformer.py:54;bioetl.application.pipelines.common.base_publication_transformer.BasePublicationTransformer._get_primary_id_field@src/bioetl/application/pipelines/common/base_publication_transformer.py:69;bioetl.application.pipelines.common.base_publication_transformer.BasePublicationTransformer._get_entity_class@src/bioetl/application/pipelines/common/base_publication_transformer.py:84;bioetl.application.pipelines.pubmed.extractors.base.BaseFieldExtractor.extract@src/bioetl/application/pipelines/pubmed/extractors/base.py:30;bioetl.application.pipelines.pubmed.extractors.base.BaseFieldExtractor.normalize@src/bioetl/application/pipelines/pubmed/extractors/base.py:42;bioetl.application.services.config_service.SettingsProtocol.bronze_path@src/bioetl/application/services/config_service.py:42;bioetl.application.services.config_service.SettingsProtocol.silver_path@src/bioetl/application/services/config_service.py:47;bioetl.application.services.config_service.SettingsProtocol.gold_path@src/bioetl/application/services/config_service.py:52;bioetl.application.services.config_service.SettingsProtocol.checkpoint_path@src/bioetl/application/services/config_service.py:57;bioetl.application.services.config_service.SettingsProtocol.quarantine_path@src/bioetl/application/services/config_service.py:62;bioetl.application.services.config_service.SettingsProtocol.model_dump@src/bioetl/application/services/config_service.py:66;bioetl.application.services.config_service.PipelineYamlConfigProtocol.model_dump@src/bioetl/application/services/config_service.py:80;bioetl.application.services.config_service.PipelineRegistryProtocol.list_pipelines@src/bioetl/application/services/config_service.py:89;bioetl.application.services.config_service.SettingsLoaderProtocol.__call__@src/bioetl/application/services/config_service.py:97;bioetl.application.services.config_service.PipelineConfigLoaderProtocol.__call__@src/bioetl/application/services/config_service.py:105;bioetl.application.services.config_service.DomainConfigMapperProtocol.__call__@src/bioetl/application/services/config_service.py:113;bioetl.application.services.config_service.RegistryAccessorProtocol.__call__@src/bioetl/application/services/config_service.py:121;bioetl.application.services.health_service.DataSourceFactoryPort.list_providers@src/bioetl/application/services/health_service.py:29;bioetl.application.services.health_service.DataSourceFactoryPort.create@src/bioetl/application/services/health_service.py:34;bioetl.application.services.metrics_service.MetricsServerPort.start@src/bioetl/application/services/metrics_service.py:41;bioetl.application.services.metrics_service.MetricsServerPort.is_running@src/bioetl/application/services/metrics_service.py:62;bioetl.application.services.metrics_service.MetricsServerPort.reset@src/bioetl/application/services/metrics_service.py:66;bioetl.composition.providers.provider_registry.DataSourceCreator.__call__@src/bioetl/composition/providers/provider_registry.py:51;bioetl.composition.registry.PipelineFactoryProtocol.create_with_services@src/bioetl/composition/registry.py:41;bioetl.composition.registry.PipelineFactoryProtocol.create_runner@src/bioetl/composition/registry.py:57;bioetl.domain.ports.audit.AuditPort.log_write@src/bioetl/domain/ports/audit.py:107;bioetl.domain.ports.audit.AuditPort.get_entries@src/bioetl/domain/ports/audit.py:118;bioetl.domain.ports.audit.AuditPort.aclose@src/bioetl/domain/ports/audit.py:142;bioetl.domain.ports.checkpoint.CheckpointPort.save@src/bioetl/domain/ports/checkpoint.py:22;bioetl.domain.ports.checkpoint.CheckpointPort.load@src/bioetl/domain/ports/checkpoint.py:37;bioetl.domain.ports.checkpoint.CheckpointPort.list_all@src/bioetl/domain/ports/checkpoint.py:52;bioetl.domain.ports.checkpoint.CheckpointPort.delete@src/bioetl/domain/ports/checkpoint.py:60;bioetl.domain.ports.checkpoint.CheckpointPort.aclose@src/bioetl/domain/ports/checkpoint.py:68;bioetl.domain.ports.data_normalization.DataNormalizationPort.normalize_doi@src/bioetl/domain/ports/data_normalization.py:39;bioetl.domain.ports.data_normalization.DataNormalizationPort.normalize_pmid@src/bioetl/domain/ports/data_normalization.py:46;bioetl.domain.ports.data_normalization.DataNormalizationPort.normalize_year@src/bioetl/domain/ports/data_normalization.py:50;bioetl.domain.ports.data_normalization.DataNormalizationPort.normalize_authors@src/bioetl/domain/ports/data_normalization.py:57;bioetl.domain.ports.data_normalization.DataNormalizationPort.strip_html_tags@src/bioetl/domain/ports/data_normalization.py:65;bioetl.domain.ports.data_normalization.DataNormalizationPort.normalize_oa_status@src/bioetl/domain/ports/data_normalization.py:69;bioetl.domain.ports.data_normalization.DataNormalizationPort.normalize_string@src/bioetl/domain/ports/data_normalization.py:73;bioetl.domain.ports.data_normalization.DataNormalizationPort.normalize_to_string@src/bioetl/domain/ports/data_normalization.py:77;bioetl.domain.ports.data_normalization.DataNormalizationPort.parse_authors_to_list@src/bioetl/domain/ports/data_normalization.py:81;bioetl.domain.ports.data_normalization.DataNormalizationPort.normalize_partial_date@src/bioetl/domain/ports/data_normalization.py:88;bioetl.domain.ports.data_normalization.DataNormalizationPort.format_date_parts@src/bioetl/domain/ports/data_normalization.py:95;bioetl.domain.ports.data_source.DataSourcePort.provider_name@src/bioetl/domain/ports/data_source.py:26;bioetl.domain.ports.data_source.DataSourcePort.__aenter__@src/bioetl/domain/ports/data_source.py:30;bioetl.domain.ports.data_source.DataSourcePort.__aexit__@src/bioetl/domain/ports/data_source.py:34;bioetl.domain.ports.data_source.DataSourcePort.fetch@src/bioetl/domain/ports/data_source.py:43;bioetl.domain.ports.data_source.DataSourcePort.health_check@src/bioetl/domain/ports/data_source.py:69;bioetl.domain.ports.data_source.DataSourcePort.aclose@src/bioetl/domain/ports/data_source.py:77;bioetl.domain.ports.data_source.FilterableDataSourcePort.fetch_filtered@src/bioetl/domain/ports/data_source.py:100;bioetl.domain.ports.data_source.FilterableDataSourcePort.fetch_multi_filtered@src/bioetl/domain/ports/data_source.py:123;bioetl.domain.ports.data_source.FilterableDataSourcePort.fetch_filtered_with_fallback@src/bioetl/domain/ports/data_source.py:146;bioetl.domain.ports.delta_reader.DeltaReaderPort.read_table@src/bioetl/domain/ports/delta_reader.py:27;bioetl.domain.ports.delta_reader.DeltaReaderPort.get_schema@src/bioetl/domain/ports/delta_reader.py:51;bioetl.domain.ports.delta_reader.DeltaReaderPort.get_row_count@src/bioetl/domain/ports/delta_reader.py:65;bioetl.domain.ports.delta_reader.DeltaReaderPort.table_exists@src/bioetl/domain/ports/delta_reader.py:81;bioetl.domain.ports.delta_reader.DeltaReaderPort.aclose@src/bioetl/domain/ports/delta_reader.py:92;bioetl.domain.ports.dq_config.BronzeDQConfigPort.enabled@src/bioetl/domain/ports/dq_config.py:32;bioetl.domain.ports.dq_config.BronzeDQConfigPort.output_path@src/bioetl/domain/ports/dq_config.py:37;bioetl.domain.ports.dq_config.BronzeDQConfigPort.get_checks_enums@src/bioetl/domain/ports/dq_config.py:41;bioetl.domain.ports.dq_config.BronzeDQConfigPort.get_format_enum@src/bioetl/domain/ports/dq_config.py:49;bioetl.domain.ports.dq_config.SilverDQConfigPort.enabled@src/bioetl/domain/ports/dq_config.py:67;bioetl.domain.ports.dq_config.SilverDQConfigPort.output_path@src/bioetl/domain/ports/dq_config.py:72;bioetl.domain.ports.dq_config.SilverDQConfigPort.get_checks_enums@src/bioetl/domain/ports/dq_config.py:76;bioetl.domain.ports.dq_config.SilverDQConfigPort.get_format_enum@src/bioetl/domain/ports/dq_config.py:84;bioetl.domain.ports.dq_config.GoldDQConfigPort.enabled@src/bioetl/domain/ports/dq_config.py:102;bioetl.domain.ports.dq_config.GoldDQConfigPort.output_path@src/bioetl/domain/ports/dq_config.py:107;bioetl.domain.ports.dq_config.GoldDQConfigPort.get_checks_enums@src/bioetl/domain/ports/dq_config.py:111;bioetl.domain.ports.dq_config.GoldDQConfigPort.get_format_enum@src/bioetl/domain/ports/dq_config.py:119;bioetl.domain.ports.dq_report.BronzeDQAnalyzerPort.analyze@src/bioetl/domain/ports/dq_report.py:54;bioetl.domain.ports.dq_report.SilverDQAnalyzerPort.analyze@src/bioetl/domain/ports/dq_report.py:90
dfa813dca025d9b88577a46428878123c82f79d870bc5a9e2479e758bc847e15,32,3,bioetl.domain.schemas.pubchem.compound.PubchemMoleculeSchema._check_exact_mass@src/bioetl/domain/schemas/pubchem/compound.py:100;bioetl.domain.schemas.pubchem.compound.PubchemMoleculeSchema._check_monoisotopic_mass@src/bioetl/domain/schemas/pubchem/compound.py:110;bioetl.domain.schemas.pubchem.compound.PubchemMoleculeSchema._check_tpsa@src/bioetl/domain/schemas/pubchem/compound.py:130;bioetl.domain.schemas.pubchem.compound.PubchemMoleculeSchema._check_complexity@src/bioetl/domain/schemas/pubchem/compound.py:139;bioetl.domain.schemas.pubchem.compound.PubchemMoleculeSchema._check_atom_stereo_count@src/bioetl/domain/schemas/pubchem/compound.py:197;bioetl.domain.schemas.pubchem.compound.PubchemMoleculeSchema._check_defined_atom_stereo_count@src/bioetl/domain/schemas/pubchem/compound.py:208;bioetl.domain.schemas.pubchem.compound.PubchemMoleculeSchema._check_undefined_atom_stereo_count@src/bioetl/domain/schemas/pubchem/compound.py:221;bioetl.domain.schemas.pubchem.compound.PubchemMoleculeSchema._check_bond_stereo_count@src/bioetl/domain/schemas/pubchem/compound.py:232;bioetl.domain.schemas.pubchem.compound.PubchemMoleculeSchema._check_defined_bond_stereo_count@src/bioetl/domain/schemas/pubchem/compound.py:243;bioetl.domain.schemas.pubchem.compound.PubchemMoleculeSchema._check_undefined_bond_stereo_count@src/bioetl/domain/schemas/pubchem/compound.py:256;bioetl.domain.schemas.pubchem.compound.PubchemMoleculeSchema._check_isotope_atom_count@src/bioetl/domain/schemas/pubchem/compound.py:267;bioetl.domain.schemas.pubchem.compound.PubchemMoleculeSchema._check_volume_3d@src/bioetl/domain/schemas/pubchem/compound.py:286;bioetl.domain.schemas.pubchem.compound.PubchemMoleculeSchema._check_conformer_count_3d@src/bioetl/domain/schemas/pubchem/compound.py:295;bioetl.domain.schemas.pubchem.compound.PubchemMoleculeSchema._check_feature_acceptor_count_3d@src/bioetl/domain/schemas/pubchem/compound.py:307;bioetl.domain.schemas.pubchem.compound.PubchemMoleculeSchema._check_feature_donor_count_3d@src/bioetl/domain/schemas/pubchem/compound.py:316;bioetl.domain.schemas.pubchem.compound.PubchemMoleculeSchema._check_feature_anion_count_3d@src/bioetl/domain/schemas/pubchem/compound.py:325;bioetl.domain.schemas.pubchem.compound.PubchemMoleculeSchema._check_feature_cation_count_3d@src/bioetl/domain/schemas/pubchem/compound.py:334;bioetl.domain.schemas.pubchem.compound.PubchemMoleculeSchema._check_feature_ring_count_3d@src/bioetl/domain/schemas/pubchem/compound.py:343;bioetl.domain.schemas.pubchem.compound.PubchemMoleculeSchema._check_feature_hydrophobe_count_3d@src/bioetl/domain/schemas/pubchem/compound.py:354;bioetl.domain.schemas.pubchem.compound.PubchemMoleculeSchema._check_effective_rotor_count_3d@src/bioetl/domain/schemas/pubchem/compound.py:363;bioetl.domain.schemas.pubchem.compound.PubchemMoleculeSchema._check_conformer_rmsd_3d@src/bioetl/domain/schemas/pubchem/compound.py:372;bioetl.domain.schemas.pubchem.compound.PubchemMoleculeSchema._check_feature_count_3d@src/bioetl/domain/schemas/pubchem/compound.py:399;bioetl.domain.schemas.pubmed.publication.PubMedPublicationSchema._check_author_count@src/bioetl/domain/schemas/pubmed/publication.py:199;bioetl.domain.schemas.pubmed.publication.PubMedPublicationSchema._check_mesh_heading_count@src/bioetl/domain/schemas/pubmed/publication.py:208;bioetl.domain.schemas.pubmed.publication.PubMedPublicationSchema._check_keyword_count@src/bioetl/domain/schemas/pubmed/publication.py:217;bioetl.domain.schemas.pubmed.publication.PubMedPublicationSchema._check_grant_count@src/bioetl/domain/schemas/pubmed/publication.py:226;bioetl.domain.schemas.pubmed.publication.PubMedPublicationSchema._check_chemical_count@src/bioetl/domain/schemas/pubmed/publication.py:235;bioetl.domain.schemas.uniprot._features.UniprotFeatureSchema._check_cross_reference_count@src/bioetl/domain/schemas/uniprot/_features.py:117;bioetl.domain.schemas.uniprot._features.UniprotFeatureSchema._check_feature_count@src/bioetl/domain/schemas/uniprot/_features.py:128;bioetl.domain.schemas.uniprot._features.UniprotFeatureSchema._check_keyword_count@src/bioetl/domain/schemas/uniprot/_features.py:137;bioetl.domain.schemas.uniprot._features.UniprotFeatureSchema._check_publication_count@src/bioetl/domain/schemas/uniprot/_features.py:146;bioetl.domain.schemas.uniprot._features.UniprotFeatureSchema._check_isoform_count@src/bioetl/domain/schemas/uniprot/_features.py:155
2301df6d92615081267fe2b416d7b5eac5ebcba5a260b516e4e481f54f17c5c8,21,4,bioetl.domain.contracts.gold.chembl.ChEMBLActivityGoldSchema.Config@src/bioetl/domain/contracts/gold/chembl.py:129;bioetl.domain.contracts.gold.chembl.ChEMBLAssayGoldSchema.Config@src/bioetl/domain/contracts/gold/chembl.py:187;bioetl.domain.contracts.gold.chembl.ChEMBLAssayParametersGoldSchema.Config@src/bioetl/domain/contracts/gold/chembl.py:235;bioetl.domain.contracts.gold.chembl.ChEMBLCellLineGoldSchema.Config@src/bioetl/domain/contracts/gold/chembl.py:274;bioetl.domain.contracts.gold.chembl.ChEMBLCompoundRecordGoldSchema.Config@src/bioetl/domain/contracts/gold/chembl.py:309;bioetl.domain.contracts.gold.chembl.ChEMBLDocumentGoldSchema.Config@src/bioetl/domain/contracts/gold/chembl.py:368;bioetl.domain.contracts.gold.chembl.ChEMBLDocumentSimilarityGoldSchema.Config@src/bioetl/domain/contracts/gold/chembl.py:410;bioetl.domain.contracts.gold.chembl.ChEMBLDocumentTermGoldSchema.Config@src/bioetl/domain/contracts/gold/chembl.py:443;bioetl.domain.contracts.gold.chembl.ChEMBLMoleculeGoldSchema.Config@src/bioetl/domain/contracts/gold/chembl.py:517;bioetl.domain.contracts.gold.chembl.ChEMBLProteinClassGoldSchema.Config@src/bioetl/domain/contracts/gold/chembl.py:559;bioetl.domain.contracts.gold.chembl.ChEMBLTargetGoldSchema.Config@src/bioetl/domain/contracts/gold/chembl.py:598;bioetl.domain.contracts.gold.chembl.ChEMBLTargetComponentGoldSchema.Config@src/bioetl/domain/contracts/gold/chembl.py:634;bioetl.domain.contracts.gold.chembl.ChEMBLTissueGoldSchema.Config@src/bioetl/domain/contracts/gold/chembl.py:692;bioetl.domain.contracts.gold.chembl.ChEMBLSubcellularFractionGoldSchema.Config@src/bioetl/domain/contracts/gold/chembl.py:742;bioetl.domain.contracts.gold.pubchem.PubChemCompoundGoldSchema.Config@src/bioetl/domain/contracts/gold/pubchem.py:51;bioetl.domain.contracts.gold.publications.PubMedPublicationGoldSchema.Config@src/bioetl/domain/contracts/gold/publications.py:149;bioetl.domain.contracts.gold.publications.CrossRefPublicationGoldSchema.Config@src/bioetl/domain/contracts/gold/publications.py:252;bioetl.domain.contracts.gold.publications.OpenAlexPublicationGoldSchema.Config@src/bioetl/domain/contracts/gold/publications.py:361;bioetl.domain.contracts.gold.publications.SemanticScholarPublicationGoldSchema.Config@src/bioetl/domain/contracts/gold/publications.py:457;bioetl.domain.contracts.gold.uniprot.UniProtProteinGoldSchema.Config@src/bioetl/domain/contracts/gold/uniprot.py:83;bioetl.domain.contracts.gold.uniprot.UniProtIDMappingGoldSchema.Config@src/bioetl/domain/contracts/gold/uniprot.py:134
ad2e13b69c4fc1fda46413f740f426fc1793cfc6d6da8d226ba619f1aef48be7,20,6,bioetl.application.pipelines.chembl._pipelines.ChEMBLPublicationSimilarityPipeline@src/bioetl/application/pipelines/chembl/_pipelines.py:47;bioetl.application.pipelines.chembl._pipelines.ChEMBLPublicationTermPipeline@src/bioetl/application/pipelines/chembl/_pipelines.py:55;bioetl.application.pipelines.chembl._pipelines.ChEMBLSubcellularFractionPipeline@src/bioetl/application/pipelines/chembl/_pipelines.py:63;bioetl.application.pipelines.common.base_publication_transformer.BasePublicationTransformer._pre_extract_validation@src/bioetl/application/pipelines/common/base_publication_transformer.py:93;bioetl.application.pipelines.generic.GenericPipeline@src/bioetl/application/pipelines/generic.py:33;bioetl.application.pipelines.pubchem.PubChemCompoundPipeline@src/bioetl/application/pipelines/pubchem/__init__.py:17;bioetl.application.pipelines.pubmed.PubMedPublicationPipeline@src/bioetl/application/pipelines/pubmed/__init__.py:17;bioetl.application.pipelines.uniprot.UniProtProteinPipeline@src/bioetl/application/pipelines/uniprot/__init__.py:21;bioetl.composition.observability.ObservabilityContractError@src/bioetl/composition/observability.py:24;bioetl.domain.ports.noop._NoOpSpan.__exit__@src/bioetl/domain/ports/noop.py:48;bioetl.domain.ports.noop.NoOpMetrics.observe_histogram@src/bioetl/domain/ports/noop.py:150;bioetl.domain.ports.noop.NoOpAudit.log_write@src/bioetl/domain/ports/noop.py:181;bioetl.infrastructure.adapters.base.BaseHttpAdapter.aclose@src/bioetl/infrastructure/adapters/base.py:118;bioetl.infrastructure.adapters.filterable_mixin.FilterableStubMixin@src/bioetl/infrastructure/adapters/filterable_mixin.py:136;bioetl.infrastructure.observability.anomaly.detectors.base.DetectorStrategy.detect@src/bioetl/infrastructure/observability/anomaly/detectors/base.py:32;bioetl.infrastructure.observability.anomaly.detectors.base.DetectorStrategy.get_severity@src/bioetl/infrastructure/observability/anomaly/detectors/base.py:55;bioetl.infrastructure.schemas.pipeline_config.InputFilterConfig@src/bioetl/infrastructure/schemas/pipeline_config.py:316;bioetl.infrastructure.schemas.pipeline_config.GoldColumnFilterConfig@src/bioetl/infrastructure/schemas/pipeline_config.py:636;bioetl.infrastructure.schemas.pipeline_config.GoldFiltersConfig@src/bioetl/infrastructure/schemas/pipeline_config.py:651;bioetl.interfaces.cli.commands.quarantine.quarantine@src/bioetl/interfaces/cli/commands/quarantine.py:30
b66a6af1e1badd23c319630063744751dd712e48363720879985be0336b1a9f6,16,3,bioetl.domain.entities.bioactivity.Bioactivity.__post_init__@src/bioetl/domain/entities/bioactivity.py:163;bioetl.domain.entities.chembl_activity.Assay.__post_init__@src/bioetl/domain/entities/chembl_activity.py:94;bioetl.domain.entities.chembl_assay_parameters.AssayParameters.__post_init__@src/bioetl/domain/entities/chembl_assay_parameters.py:65;bioetl.domain.entities.chembl_compound_record.CompoundRecord.__post_init__@src/bioetl/domain/entities/chembl_compound_record.py:39;bioetl.domain.entities.chembl_structures.ChemblPublication.__post_init__@src/bioetl/domain/entities/chembl_structures.py:41;bioetl.domain.entities.chembl_structures.DocumentTerm.__post_init__@src/bioetl/domain/entities/chembl_structures.py:73;bioetl.domain.entities.chembl_structures.Target.__post_init__@src/bioetl/domain/entities/chembl_structures.py:128;bioetl.domain.entities.chembl_structures.TargetComponent.__post_init__@src/bioetl/domain/entities/chembl_structures.py:167;bioetl.domain.entities.chembl_structures.CellLine.__post_init__@src/bioetl/domain/entities/chembl_structures.py:211;bioetl.domain.entities.chembl_structures.Molecule.__post_init__@src/bioetl/domain/entities/chembl_structures.py:322;bioetl.domain.entities.chembl_structures.DocumentSimilarity.__post_init__@src/bioetl/domain/entities/chembl_structures.py:370;bioetl.domain.entities.chembl_structures.ProteinClassification.__post_init__@src/bioetl/domain/entities/chembl_structures.py:418;bioetl.domain.entities.chembl_subcellular_fraction.SubcellularFraction.__post_init__@src/bioetl/domain/entities/chembl_subcellular_fraction.py:48;bioetl.domain.entities.chembl_tissue.Tissue.__post_init__@src/bioetl/domain/entities/chembl_tissue.py:37;bioetl.domain.entities.uniprot.IDMappingResult.__post_init__@src/bioetl/domain/entities/uniprot.py:65;bioetl.domain.entities.uniprot.UniprotTarget.__post_init__@src/bioetl/domain/entities/uniprot.py:249
b2874c2b7ca2fdde2bf7424b72ac9760d68e4a7bc298bbff32ac3c6455a1bf84,11,6,bioetl.domain.schemas.chembl.activity.ActivitySchema.Config@src/bioetl/domain/schemas/chembl/activity.py:233;bioetl.domain.schemas.chembl.assay.AssaySchema.Config@src/bioetl/domain/schemas/chembl/assay.py:211;bioetl.domain.schemas.chembl.assay_parameters.AssayParametersSchema.Config@src/bioetl/domain/schemas/chembl/assay_parameters.py:104;bioetl.domain.schemas.chembl.cell_line.CellLineSchema.Config@src/bioetl/domain/schemas/chembl/cell_line.py:87;bioetl.domain.schemas.chembl.compound_record.CompoundRecordSchema.Config@src/bioetl/domain/schemas/chembl/compound_record.py:66;bioetl.domain.schemas.chembl.molecule.MoleculeSchema.Config@src/bioetl/domain/schemas/chembl/molecule.py:283;bioetl.domain.schemas.chembl.protein_classification.ProteinClassificationSchema.Config@src/bioetl/domain/schemas/chembl/protein_classification.py:54;bioetl.domain.schemas.chembl.publication_similarity.PublicationSimilaritySchema.Config@src/bioetl/domain/schemas/chembl/publication_similarity.py:63;bioetl.domain.schemas.chembl.publication_term.PublicationTermSchema.Config@src/bioetl/domain/schemas/chembl/publication_term.py:59;bioetl.domain.schemas.chembl.target.TargetSchema.Config@src/bioetl/domain/schemas/chembl/target.py:97;bioetl.domain.schemas.chembl.target_component.TargetComponentSchema.Config@src/bioetl/domain/schemas/chembl/target_component.py:61
d987beb6e6f6fb2e477b93f840d033eb4459d307929d08ceeab67615cf293c93,9,7,bioetl.application.composite.aggregator.EnricherAggregator.__init__@src/bioetl/application/composite/aggregator.py:26;bioetl.application.composite.column_renamer.ColumnRenamer.__init__@src/bioetl/application/composite/column_renamer.py:53;bioetl.application.composite.deduplication.EnricherDeduplicator.__init__@src/bioetl/application/composite/deduplication.py:20;bioetl.application.composite.preflight_validator.CompositePreflightValidator.__init__@src/bioetl/application/composite/preflight_validator.py:131;bioetl.infrastructure.adapters.input.csv_filter_reader.CsvFilterReader.__init__@src/bioetl/infrastructure/adapters/input/csv_filter_reader.py:26;bioetl.infrastructure.observability.logging.StructlogLogger.__init__@src/bioetl/infrastructure/observability/logging.py:73;bioetl.infrastructure.observability.metrics_server_adapter.MetricsServerAdapter.__init__@src/bioetl/infrastructure/observability/metrics_server_adapter.py:36;bioetl.infrastructure.storage.arrow_converter.ArrowDataConverter.__init__@src/bioetl/infrastructure/storage/arrow_converter.py:31;bioetl.infrastructure.storage.metadata_writer.MetadataWriter.__init__@src/bioetl/infrastructure/storage/metadata_writer.py:63
b237667f9d26a61099d52811a2632df91e4cf4288c00d4f7556fc7efc0265705,8,8,bioetl.domain.value_objects.academic_ids.OpenAlexId.from_raw@src/bioetl/domain/value_objects/academic_ids.py:72;bioetl.domain.value_objects.academic_ids.SemanticScholarId.from_raw@src/bioetl/domain/value_objects/academic_ids.py:119;bioetl.domain.value_objects.academic_ids.ISSN.from_raw@src/bioetl/domain/value_objects/academic_ids.py:171;bioetl.domain.value_objects.academic_ids.ORCID.from_raw@src/bioetl/domain/value_objects/academic_ids.py:247;bioetl.domain.value_objects.chemical.InChIKey.from_raw@src/bioetl/domain/value_objects/chemical.py:113;bioetl.domain.value_objects.identifiers.ChemblId.from_raw@src/bioetl/domain/value_objects/identifiers.py:81;bioetl.domain.value_objects.identifiers.UniProtId.from_raw@src/bioetl/domain/value_objects/identifiers.py:170;bioetl.domain.value_objects.publications.DOI.from_raw@src/bioetl/domain/value_objects/publications.py:100
f72629ffeae6764b578b82fab7f1c1858dfee53382e0cd9ee80dc46d9872ed51,7,3,bioetl.infrastructure.adapters.chembl.metadata.ChemblMetadataMixin.clear_request_collector@src/bioetl/infrastructure/adapters/chembl/metadata.py:35;bioetl.infrastructure.adapters.crossref.client.CrossRefAdapter.clear_request_collector@src/bioetl/infrastructure/adapters/crossref/client.py:393;bioetl.infrastructure.adapters.openalex.client.OpenAlexAdapter.clear_request_collector@src/bioetl/infrastructure/adapters/openalex/client.py:706;bioetl.infrastructure.adapters.pubchem.client.PubChemAdapter.clear_request_collector@src/bioetl/infrastructure/adapters/pubchem/client.py:333;bioetl.infrastructure.adapters.pubmed._health.PubMedHealthMixin.clear_request_collector@src/bioetl/infrastructure/adapters/pubmed/_health.py:99;bioetl.infrastructure.adapters.semanticscholar.adapter.SemanticScholarAdapter.clear_request_collector@src/bioetl/infrastructure/adapters/semanticscholar/adapter.py:581;bioetl.infrastructure.adapters.uniprot.client.UniProtAdapter.clear_request_collector@src/bioetl/infrastructure/adapters/uniprot/client.py:687
c49598413ffe8820edf7cae1b62f143ade70c77ef3e878f86c849a355fea5063,7,3,bioetl.infrastructure.adapters.chembl.metadata.ChemblMetadataMixin.request_count@src/bioetl/infrastructure/adapters/chembl/metadata.py:40;bioetl.infrastructure.adapters.crossref.client.CrossRefAdapter.request_count@src/bioetl/infrastructure/adapters/crossref/client.py:398;bioetl.infrastructure.adapters.openalex.client.OpenAlexAdapter.request_count@src/bioetl/infrastructure/adapters/openalex/client.py:711;bioetl.infrastructure.adapters.pubchem.client.PubChemAdapter.request_count@src/bioetl/infrastructure/adapters/pubchem/client.py:342;bioetl.infrastructure.adapters.pubmed._health.PubMedHealthMixin.request_count@src/bioetl/infrastructure/adapters/pubmed/_health.py:104;bioetl.infrastructure.adapters.semanticscholar.adapter.SemanticScholarAdapter.request_count@src/bioetl/infrastructure/adapters/semanticscholar/adapter.py:586;bioetl.infrastructure.adapters.uniprot.client.UniProtAdapter.request_count@src/bioetl/infrastructure/adapters/uniprot/client.py:692
4d9f9f29df4f38a17ea0f9ea7fea07537f8c3df2ac5c5d40c1250e7a3b79e2bf,6,37,bioetl.application.pipelines.crossref.transformer.CrossRefPublicationTransformer.__init__@src/bioetl/application/pipelines/crossref/transformer.py:67;bioetl.application.pipelines.openalex.transformer.OpenAlexPublicationTransformer.__init__@src/bioetl/application/pipelines/openalex/transformer.py:82;bioetl.application.pipelines.pubchem.transformer.PubChemCompoundTransformer.__init__@src/bioetl/application/pipelines/pubchem/transformer.py:41;bioetl.application.pipelines.semanticscholar.transformer.SemanticScholarPublicationTransformer.__init__@src/bioetl/application/pipelines/semanticscholar/transformer.py:81;bioetl.application.pipelines.uniprot.idmapping_transformer.IDMappingTransformer.__init__@src/bioetl/application/pipelines/uniprot/idmapping_transformer.py:40;bioetl.application.pipelines.uniprot.transformer.UniProtProteinTransformer.__init__@src/bioetl/application/pipelines/uniprot/transformer.py:80
ccdee505c02b1e17fd63a7256de3a0f103df85be974e9fe12a88d81c6916ed1a,6,6,bioetl.composition.factories.storage_adapter.StorageAdapter.aclose@src/bioetl/composition/factories/storage_adapter.py:419;bioetl.infrastructure.adapters.cached_bronze_data_source.CachedBronzeDataSource.__aexit__@src/bioetl/infrastructure/adapters/cached_bronze_data_source.py:100;bioetl.infrastructure.adapters.cached_bronze_data_source.CachedBronzeDataSource.aclose@src/bioetl/infrastructure/adapters/cached_bronze_data_source.py:116;bioetl.infrastructure.adapters.decorators.circuit_breaker.CircuitBreakerDataSourceDecorator._record_success@src/bioetl/infrastructure/adapters/decorators/circuit_breaker.py:125;bioetl.infrastructure.storage.delta_reader.DeltaReader.aclose@src/bioetl/infrastructure/storage/delta_reader.py:192;bioetl.infrastructure.storage.metadata_writer.MetadataWriter.aclose@src/bioetl/infrastructure/storage/metadata_writer.py:233
3da4303ce1cfb071d39e8ec4618f709784b3082e9e842393c18fd4384debe256,4,21,bioetl.domain.ports.noop.NoOpMetadataWriter.write_bronze_metadata@src/bioetl/domain/ports/noop.py:378;bioetl.domain.ports.noop.NoOpMetadataWriter.write_silver_metadata@src/bioetl/domain/ports/noop.py:400;bioetl.domain.ports.noop.NoOpMetadataWriter.write_gold_metadata@src/bioetl/domain/ports/noop.py:426;bioetl.infrastructure.adapters.health_check_mixin.HealthCheckMixin._get_health_endpoint@src/bioetl/infrastructure/adapters/health_check_mixin.py:111
437a092ed1dde41370d837bdef45e5897ec6627e59b9a3dd89e8e0aa0866c509,4,10,bioetl.infrastructure.adapters.crossref.client.CrossRefAdapter._fallback_health_status@src/bioetl/infrastructure/adapters/crossref/client.py:355;bioetl.infrastructure.adapters.openalex.client.OpenAlexAdapter._fallback_health_status@src/bioetl/infrastructure/adapters/openalex/client.py:668;bioetl.infrastructure.adapters.pubmed._health.PubMedHealthMixin._fallback_health_status@src/bioetl/infrastructure/adapters/pubmed/_health.py:83;bioetl.infrastructure.adapters.semanticscholar.adapter.SemanticScholarAdapter._fallback_health_status@src/bioetl/infrastructure/adapters/semanticscholar/adapter.py:543
694ca0d6f911446a829cf6886b0064003f51dda86622b5f4d7365d0851344765,4,9,bioetl.infrastructure.adapters.crossref.client.CrossRefAdapter.aclose@src/bioetl/infrastructure/adapters/crossref/client.py:402;bioetl.infrastructure.adapters.openalex.client.OpenAlexAdapter.aclose@src/bioetl/infrastructure/adapters/openalex/client.py:715;bioetl.infrastructure.adapters.pubmed.pubmed_client.PubMedAdapter.aclose@src/bioetl/infrastructure/adapters/pubmed/pubmed_client.py:231;bioetl.infrastructure.adapters.semanticscholar.adapter.SemanticScholarAdapter.aclose@src/bioetl/infrastructure/adapters/semanticscholar/adapter.py:590
822a5a57cac291a0d1c942d08af2bc0bb949297dacbe7838780a4108653da600,4,7,bioetl.infrastructure.schemas.filter_config.InputFilterFileConfig.to_domain@src/bioetl/infrastructure/schemas/filter_config.py:78;bioetl.infrastructure.schemas.filter_config.SilverFiltersFileConfig.to_domain@src/bioetl/infrastructure/schemas/filter_config.py:102;bioetl.infrastructure.schemas.filter_config.GoldFiltersFileConfig.to_domain@src/bioetl/infrastructure/schemas/filter_config.py:130;bioetl.infrastructure.schemas.source_config.CircuitBreakerYamlConfig.to_domain@src/bioetl/infrastructure/schemas/source_config.py:44
f3449a4a0136654f9c494d0129941fbba3a6cd54ece99b008088a2ccbb2ae052,4,3,bioetl.application.core.base.BasePipeline.run_id@src/bioetl/application/core/base.py:123;bioetl.domain.aggregates.batch.Batch.run_id@src/bioetl/domain/aggregates/batch.py:217;bioetl.domain.aggregates.pipeline_run.PipelineRun.run_id@src/bioetl/domain/aggregates/pipeline_run.py:237;bioetl.domain.aggregates.quarantine_entry.QuarantineEntry.run_id@src/bioetl/domain/aggregates/quarantine_entry.py:287
fa18c4a464f4457c7365b873fa2888d9d1ffb970425520cbf550fc4775b6b34a,4,3,bioetl.domain.ports.noop._NoOpSpan.__enter__@src/bioetl/domain/ports/noop.py:44;bioetl.infrastructure.adapters.cached_bronze_data_source.CachedBronzeDataSource.__aenter__@src/bioetl/infrastructure/adapters/cached_bronze_data_source.py:96;bioetl.infrastructure.adapters.sync_base.BaseSyncAdapter.__aenter__@src/bioetl/infrastructure/adapters/sync_base.py:119;bioetl.infrastructure.observability.noop_logger.NoOpLogger.bind@src/bioetl/infrastructure/observability/noop_logger.py:34
142bca3d5e4b8534c6503c6d43bb9ff7d700b7c93e7122a54f3c4cb62f0e1e82,4,3,bioetl.domain.schemas.pubchem.compound.PubchemMoleculeSchema._check_covalent_unit_count@src/bioetl/domain/schemas/pubchem/compound.py:276;bioetl.domain.schemas.uniprot._core.UniprotCoreSchema._check_taxonomy_id@src/bioetl/domain/schemas/uniprot/_core.py:121;bioetl.domain.schemas.uniprot._core.UniprotCoreSchema._check_sequence_mass@src/bioetl/domain/schemas/uniprot/_core.py:154;bioetl.domain.schemas.uniprot._core.UniprotCoreSchema._check_entry_version@src/bioetl/domain/schemas/uniprot/_core.py:171
605624adf36c7114b9556cc41527eb2462cc091fb1409504796cc590aef88a14,3,16,bioetl.application.core.filtered_data_source.FilteredDataSource.get_source_metadata@src/bioetl/application/core/filtered_data_source.py:353;bioetl.application.core.publication_term_data_source.PublicationTermDataSource.get_source_metadata@src/bioetl/application/core/publication_term_data_source.py:574;bioetl.application.core.subcellular_fraction_data_source.SubcellularFractionDataSource.get_source_metadata@src/bioetl/application/core/subcellular_fraction_data_source.py:289
9c4169b2c47b7a78c8cf438b52dddd90430f3916c1b893556e17954d8eadbf46,3,14,bioetl.application.core.batch_tracing.BatchTracingManager.end_span@src/bioetl/application/core/batch_tracing.py:227;bioetl.application.core.batch_writer.BatchWriter._end_span@src/bioetl/application/core/batch_writer.py:182;bioetl.application.core.record_processor.RecordProcessor._end_span@src/bioetl/application/core/record_processor.py:215
181e925073f1a9cb705fc886a607e7d5dac050c7c7dfc0fd53f2e0acc29730ae,3,11,bioetl.domain.ports.noop.NoOpPiiHasher.hash_value@src/bioetl/domain/ports/noop.py:242;bioetl.domain.transformations._normalize_value@src/bioetl/domain/transformations.py:31;bioetl.infrastructure.config._base.YamlSettingsSource.prepare_field_value@src/bioetl/infrastructure/config/_base.py:65
4d40361fc85c2c1588359b7bbefb67ffbd5ed15730fe3cec6085464279212055,3,11,bioetl.application.pipelines.common.base_publication_transformer.BasePublicationTransformer._should_log_fallback_lookup@src/bioetl/application/pipelines/common/base_publication_transformer.py:116;bioetl.application.pipelines.crossref.transformer.CrossRefPublicationTransformer._should_log_fallback_lookup@src/bioetl/application/pipelines/crossref/transformer.py:328;bioetl.application.pipelines.pubmed.transformer.PubMedPublicationTransformer._should_log_fallback_lookup@src/bioetl/application/pipelines/pubmed/transformer.py:518
c3a92d0248bc3c494258e8111c1f4e6da3649047f75d20a7518a12e8f33e8713,3,9,bioetl.domain.aggregates.batch.Batch.collect_events@src/bioetl/domain/aggregates/batch.py:502;bioetl.domain.aggregates.pipeline_run.PipelineRun.collect_events@src/bioetl/domain/aggregates/pipeline_run.py:546;bioetl.domain.aggregates.quarantine_entry.QuarantineEntry.collect_events@src/bioetl/domain/aggregates/quarantine_entry.py:484
ee099a038853a21ef1fe9f3f6ccbe0a517095773a1e83393f7ddc667256232e6,3,9,bioetl.domain.contracts.gold.composite.CompositePublicationGoldSchema.Config@src/bioetl/domain/contracts/gold/composite.py:113;bioetl.domain.contracts.gold.composite.CompositeMoleculeGoldSchema.Config@src/bioetl/domain/contracts/gold/composite.py:208;bioetl.domain.schemas.openalex.publication.OpenAlexPublicationSchema.Config@src/bioetl/domain/schemas/openalex/publication.py:177
6c31a482986e0114d4f06daec8535b457853c8a445a181a26d13f7c79636847e,3,8,bioetl.application.core.filtered_data_source.FilteredDataSource.__aexit__@src/bioetl/application/core/filtered_data_source.py:244;bioetl.application.core.publication_term_data_source.PublicationTermDataSource.__aexit__@src/bioetl/application/core/publication_term_data_source.py:100;bioetl.application.core.subcellular_fraction_data_source.SubcellularFractionDataSource.__aexit__@src/bioetl/application/core/subcellular_fraction_data_source.py:43
757e9d015fe77e02cae1e5438f7b89a9e29a6538c8eae939d1ac7c485779a04e,3,6,bioetl.application.composite.merger.MergeService._extract_field_from_qualified@src/bioetl/application/composite/merger.py:511;bioetl.domain.value_objects.column_order.ColumnOrderConfig._extract_field@src/bioetl/domain/value_objects/column_order.py:199;bioetl.domain.value_objects.column_qualifier.ColumnQualifier.extract_field@src/bioetl/domain/value_objects/column_qualifier.py:146
1b663f55a794255a191a2e06af4f16c199416cb0480b8e845e42134ed7708df5,3,4,bioetl.application.core.pipeline_services.PipelineServices.__aenter__@src/bioetl/application/core/pipeline_services.py:100;bioetl.infrastructure.adapters.decorators.circuit_breaker.CircuitBreakerDataSourceDecorator.__aenter__@src/bioetl/infrastructure/adapters/decorators/circuit_breaker.py:90;bioetl.infrastructure.adapters.decorators.retry.RetryingDataSourceDecorator.__aenter__@src/bioetl/infrastructure/adapters/decorators/retry.py:90
e16ecc45e07c08eacc08788f886e8640e744e21f0e6ccb2196fdf73aa6ab01c6,3,3,bioetl.domain.aggregates.batch.Batch.status@src/bioetl/domain/aggregates/batch.py:222;bioetl.domain.aggregates.pipeline_run.PipelineRun.status@src/bioetl/domain/aggregates/pipeline_run.py:252;bioetl.domain.aggregates.quarantine_entry.QuarantineEntry.status@src/bioetl/domain/aggregates/quarantine_entry.py:297
4376c5a508f65541eb9cc96031a429961ab386d8922ed0e42bb897dbfd99d88f,3,3,bioetl.application.core.base.BasePipeline.context@src/bioetl/application/core/base.py:128;bioetl.composition.services.metadata_coordinator.MetadataCoordinator.run_context@src/bioetl/composition/services/metadata_coordinator.py:106;bioetl.domain.locking.LockContextHolder.get@src/bioetl/domain/locking.py:187
6033e7e395afdb6dd17ca7a948c2afe0fdbab68ac3798d00ed3f133fc9b9af63,3,3,bioetl.domain.value_objects.base.ValueObject.__hash__@src/bioetl/domain/value_objects/base.py:75;bioetl.domain.value_objects.chemical.PublicationYear.__hash__@src/bioetl/domain/value_objects/chemical.py:443;bioetl.domain.value_objects.chemical.MolecularWeight.__hash__@src/bioetl/domain/value_objects/chemical.py:589
648f648f004a6cfc22374fe85b02e28b6f75bd7bfc55c38ffb30522dcb7bd527,3,3,bioetl.application.core.filtered_data_source.FilteredDataSource.provider_name@src/bioetl/application/core/filtered_data_source.py:55;bioetl.application.core.publication_term_data_source.PublicationTermDataSource.provider_name@src/bioetl/application/core/publication_term_data_source.py:91;bioetl.application.core.subcellular_fraction_data_source.SubcellularFractionDataSource.provider_name@src/bioetl/application/core/subcellular_fraction_data_source.py:33
fbfea9b5bfb212b94aa85c934f489ed30ed67f9fb93e99d47c2c3ca85c6ea5a3,3,3,bioetl.application.core.filtered_data_source.FilteredDataSource.health_check@src/bioetl/application/core/filtered_data_source.py:345;bioetl.application.core.publication_term_data_source.PublicationTermDataSource.health_check@src/bioetl/application/core/publication_term_data_source.py:334;bioetl.application.core.subcellular_fraction_data_source.SubcellularFractionDataSource.health_check@src/bioetl/application/core/subcellular_fraction_data_source.py:148
19c0d36240b6999da7c79ea397f76247a573e8bfe216244e64c5509c8010efd9,3,3,bioetl.application.core.filtered_data_source.FilteredDataSource.aclose@src/bioetl/application/core/filtered_data_source.py:349;bioetl.application.core.publication_term_data_source.PublicationTermDataSource.aclose@src/bioetl/application/core/publication_term_data_source.py:338;bioetl.application.core.subcellular_fraction_data_source.SubcellularFractionDataSource.aclose@src/bioetl/application/core/subcellular_fraction_data_source.py:152
a7c1f2cba75ef07b5fa3ed46bdbdcd1c750d527961cbbe2ba6ea29b4eadb01b8,3,3,bioetl.application.core.shutdown.ShutdownSignal.is_requested@src/bioetl/application/core/shutdown.py:55;bioetl.application.core.shutdown.ShutdownSignal.is_shutting_down@src/bioetl/application/core/shutdown.py:59;bioetl.application.services.shutdown_service.ShutdownService.is_shutting_down@src/bioetl/application/services/shutdown_service.py:80
b413de7454b2da9a5cfde6cddd31c76b87111f28be8d85d559e8a496abbdaa16,3,3,bioetl.infrastructure.schemas.dq_report_config.BronzeDQReportConfig.get_format_enum@src/bioetl/infrastructure/schemas/dq_report_config.py:58;bioetl.infrastructure.schemas.dq_report_config.SilverDQReportConfig.get_format_enum@src/bioetl/infrastructure/schemas/dq_report_config.py:109;bioetl.infrastructure.schemas.dq_report_config.GoldDQReportConfig.get_format_enum@src/bioetl/infrastructure/schemas/dq_report_config.py:159
80a3d51558418e66274d158cf88e5f85099a65fdb2c900f972fe658e88ef209f,2,33,bioetl.domain.value_objects.chemical.PublicationYear.__init__@src/bioetl/domain/value_objects/chemical.py:272;bioetl.domain.value_objects.chemical.MolecularWeight.__init__@src/bioetl/domain/value_objects/chemical.py:480
a1c0e8f588816ffe607767fa68c1781c5c420889bb1a4539129a6052b1e606a8,2,32,bioetl.domain.value_objects.chemical.PublicationYear.from_raw@src/bioetl/domain/value_objects/chemical.py:404;bioetl.domain.value_objects.chemical.MolecularWeight.from_raw@src/bioetl/domain/value_objects/chemical.py:550
7d70f803f330bab5ac873a361245c102daf1a47ceb14362ece16f44041d32026,2,28,bioetl.infrastructure.adapters.crossref.batch.DoiBatchProcessor.__init__@src/bioetl/infrastructure/adapters/crossref/batch.py:34;bioetl.infrastructure.adapters.crossref.batch.SearchPaginator.__init__@src/bioetl/infrastructure/adapters/crossref/batch.py:195
94fa65a2877ec2869ca7f7c0d30263899fbac4f1fe477a43c61d5d0bedd2b9c9,2,21,bioetl.domain.value_objects.column_order.ColumnOrderConfig.get_provider_rank@src/bioetl/domain/value_objects/column_order.py:177;bioetl.domain.value_objects.publication_field_groups.FieldGroupConfig.get_provider_rank@src/bioetl/domain/value_objects/publication_field_groups.py:344
af49b978343dcd674a1bd226327cb35ff0f9db028e2b4a6840fa0a20c6a0fee4,2,20,bioetl.application.core.publication_term_data_source.PublicationTermDataSource._compute_entity_id@src/bioetl/application/core/publication_term_data_source.py:313;bioetl.application.pipelines.chembl.publication_term_transformer.PublicationTermTransformer.compute_term_entity_id@src/bioetl/application/pipelines/chembl/publication_term_transformer.py:280
aafabff961f1285013a7fe3e3fa0ae4087c858e9bf8e14d9c7fdd96339cc147b,2,19,bioetl.application.core.publication_term_data_source.PublicationTermDataSource._ensure_filterable@src/bioetl/application/core/publication_term_data_source.py:344;bioetl.application.core.subcellular_fraction_data_source.SubcellularFractionDataSource._ensure_filterable@src/bioetl/application/core/subcellular_fraction_data_source.py:156
8ab68cfb933075355c58a04c3b5e99650653ac2c68c6a2b6c8a5a2466a3f6fcd,2,17,bioetl.domain.ports.noop.NoOpMemoryMonitor.estimate_batch_memory_mb@src/bioetl/domain/ports/noop.py:331;bioetl.infrastructure.system.memory_monitor.MemoryMonitor.estimate_batch_memory_mb@src/bioetl/infrastructure/system/memory_monitor.py:276
56d3286e52f1c8d7a11cc2d6933a31f28aed0bf963d2c94a7e04b2fa6012facd,2,15,bioetl.domain.normalization.strip_html_tags@src/bioetl/domain/normalization.py:95;bioetl.domain.services.data_normalization_service.DefaultDataNormalizationService.strip_html_tags@src/bioetl/domain/services/data_normalization_service.py:116
fb979cf4ea55b499f5618d06d28e86cf00303578cf9e3d5ade9e1686e778f37f,2,15,bioetl.domain.services.value_validator.ValueValidator.is_potent@src/bioetl/domain/services/value_validator.py:267;bioetl.domain.services.value_validator.ValueValidator.is_highly_potent@src/bioetl/domain/services/value_validator.py:283
e58c99a085a1c2df1ef479293d330b73f28d868670db7215d9de5d40434cb8bf,2,15,bioetl.infrastructure.config.base_config_loader.BaseConfigLoader._load_yaml@src/bioetl/infrastructure/config/base_config_loader.py:70;bioetl.infrastructure.config.dq_config_loader.DQConfigLoader._load_yaml@src/bioetl/infrastructure/config/dq_config_loader.py:131
50d438792d4882d958cedf5024477e7099781ad31814ed6b166f2addd70b1b3f,2,13,bioetl.domain.exceptions.base.BioETLError.get_error_type@src/bioetl/domain/exceptions/base.py:40;bioetl.domain.exceptions.base.DataQualityError.get_error_type@src/bioetl/domain/exceptions/base.py:162
1b59eb7015153859d419d749cdec44504a313daee283851bf0fce71c8de1e98e,2,13,bioetl.infrastructure.storage.metadata_builder.SilverMetadataBuilder.__init__@src/bioetl/infrastructure/storage/metadata_builder.py:185;bioetl.infrastructure.storage.metadata_builder.GoldMetadataBuilder.__init__@src/bioetl/infrastructure/storage/metadata_builder.py:321
454c5360688ad15b1654790c09e2457b1735e85013db739fa72be6a68e607965,2,10,bioetl.infrastructure.schemas.base_schemas.BaseCircuitBreakerConfig.to_domain@src/bioetl/infrastructure/schemas/base_schemas.py:113;bioetl.infrastructure.schemas.pipeline_config.CircuitBreakerConfig.to_domain@src/bioetl/infrastructure/schemas/pipeline_config.py:290
4a11212a7467cdfb3dd9fe1afdc93976ca4f8fe813847567c3c2d6b0bf99883b,2,8,bioetl.application.core.idmapping_data_source.IDMappingDataSource.__aexit__@src/bioetl/application/core/idmapping_data_source.py:83;bioetl.application.core.pipeline_services.PipelineServices.__aexit__@src/bioetl/application/core/pipeline_services.py:105
bc563683d28b8397d9a3cccfe5cc452f0f5ccb8950e8d632dcef9179806c9248,2,8,bioetl.infrastructure.adapters.crossref.client.CrossRefAdapter._get_health_endpoint@src/bioetl/infrastructure/adapters/crossref/client.py:366;bioetl.infrastructure.adapters.openalex.client.OpenAlexAdapter._get_health_endpoint@src/bioetl/infrastructure/adapters/openalex/client.py:679
bd74cfacabf4e47e0eae85cfb2dc995d37843a22181c03d90fb0977bf8fe9611,2,8,bioetl.infrastructure.adapters.decorators.circuit_breaker.CircuitBreakerDataSourceDecorator.__aexit__@src/bioetl/infrastructure/adapters/decorators/circuit_breaker.py:95;bioetl.infrastructure.adapters.decorators.retry.RetryingDataSourceDecorator.__aexit__@src/bioetl/infrastructure/adapters/decorators/retry.py:95
69a81116d946032ddba6328d0759b3bbe7bc5612ee30705dae820f3bc059221d,2,8,bioetl.infrastructure.schemas.composite_config.DependencySchema.validate_join_keys_not_empty@src/bioetl/infrastructure/schemas/composite_config.py:195;bioetl.infrastructure.schemas.composite_config.EnricherSchema.validate_join_keys_not_empty@src/bioetl/infrastructure/schemas/composite_config.py:267
64a4a8b0e45a930c180811828fb1c8b8be547747b26f72f8c0b3954f64ee1fbb,2,8,bioetl.composition.factories.data_source_factory.DataSourceFactory.list_providers@src/bioetl/composition/factories/data_source_factory.py:90;bioetl.composition.factories.data_source_factory.DataSourceRegistry.list_providers@src/bioetl/composition/factories/data_source_factory.py:195
f5536f3bcd07de6521df23e5ac1e0ad1b443ac79485b5f4ed71373fd170b3670,2,7,bioetl.domain.medallion.LoadingStrategy.allows_checkpoint_resume@src/bioetl/domain/medallion.py:192;bioetl.domain.ports.noop.NoOpMemoryMonitor.is_under_pressure@src/bioetl/domain/ports/noop.py:310
39cea12955b75418fafe661448fe2f41e415b731c9d3fc60c82a80ba1560a7c5,2,7,bioetl.domain.serialization.flatten_arrow_table_for_export.is_complex_type@src/bioetl/domain/serialization.py:236;bioetl.infrastructure.export.csv_exporter.CsvExporter._is_complex_type@src/bioetl/infrastructure/export/csv_exporter.py:98
c2a3bfae0a75320b4b2d39fe8e913eaca2f46f1ff1d97ef92df14c8ae315ab84,2,7,bioetl.application.core.cleanup_service.CleanupResult.total_cleared@src/bioetl/application/core/cleanup_service.py:61;bioetl.application.services.medallion_types.ClearResult.total_cleared@src/bioetl/application/services/medallion_types.py:30
947b49f9682f3e32ac537c434bfe7a45bbbf799b5c9688ac489e4fd66a18214c,2,7,bioetl.application.core.shutdown.ShutdownSignal.wait@src/bioetl/application/core/shutdown.py:84;bioetl.application.services.shutdown_service.ShutdownService.wait@src/bioetl/application/services/shutdown_service.py:154
1778f832d4b146fdbee7b3a20f907a8a56a91b1033404d6101940647570c38cb,2,7,bioetl.application.core.subcellular_fraction_data_source.SubcellularFractionDataSource._compute_entity_id@src/bioetl/application/core/subcellular_fraction_data_source.py:126;bioetl.application.pipelines.chembl.subcellular_fraction_transformer.SubcellularFractionTransformer.compute_fraction_entity_id@src/bioetl/application/pipelines/chembl/subcellular_fraction_transformer.py:132
da9dcd76cbdea99b61e99c1745c5622001ae8e47a3ee3ba976f45e335473fc24,2,7,bioetl.infrastructure.schemas.base_schemas.BaseDQThresholds.validate_thresholds@src/bioetl/infrastructure/schemas/base_schemas.py:51;bioetl.infrastructure.schemas.pipeline_config.DQConfig.validate_thresholds@src/bioetl/infrastructure/schemas/pipeline_config.py:176
79d0b2ea2870baccec3fd261b8ab01382745da47025cddc35b0fa4d99c722cd9,2,6,bioetl.domain.composite.field_groups.FieldGroupRegistry._extract_field@src/bioetl/domain/composite/field_groups.py:365;bioetl.domain.value_objects.publication_field_groups.FieldGroupConfig._extract_field@src/bioetl/domain/value_objects/publication_field_groups.py:387
735c2602d54e50d0d7a86c352aec625b124475bab4db2e8d0576f93057230d77,2,6,bioetl.domain.normalization.normalize_string@src/bioetl/domain/normalization.py:16;bioetl.domain.services.data_normalization_service.DefaultDataNormalizationService.normalize_string@src/bioetl/domain/services/data_normalization_service.py:132
e2c69315cc31884529246bb8f7fab60a1963c840aec41f30be9abb3f10e7466c,2,6,bioetl.domain.normalization.normalize_to_string@src/bioetl/domain/normalization.py:24;bioetl.domain.services.data_normalization_service.DefaultDataNormalizationService.normalize_to_string@src/bioetl/domain/services/data_normalization_service.py:139
6cafcb4e497f9f6814e0148bd8dedb14ca95ba29f80ad8cfaebca882801e7c97,2,6,bioetl.domain.normalization._extract_date_parts@src/bioetl/domain/normalization.py:48;bioetl.domain.services.data_normalization_service.DefaultDataNormalizationService._extract_date_parts@src/bioetl/domain/services/data_normalization_service.py:262
fccca0a6370cf51314a74830f6ad9dc7bf46bd64ce193c437bdbb47ba521e3cc,2,6,bioetl.domain.schemas.chembl.publication.ChemblPublicationSchema.Config@src/bioetl/domain/schemas/chembl/publication.py:91;bioetl.domain.schemas.common.publication_base.PublicationBaseSchema.Config@src/bioetl/domain/schemas/common/publication_base.py:206
88bfae0064c1dd4ee30930b9d03cacc17038c6c9be4abfcd05d9150d9dced7df,2,6,bioetl.domain.serialization.flatten_arrow_table_for_export.serialize_column_to_json@src/bioetl/domain/serialization.py:244;bioetl.infrastructure.export.csv_exporter.CsvExporter._serialize_column_to_json@src/bioetl/infrastructure/export/csv_exporter.py:107
331cd106a617ea7c3419259112ecd3495ca24277c8d13f24f5855ee17ad53c1a,2,6,bioetl.domain.value_objects.academic_ids.ORCID._strip_url_prefix@src/bioetl/domain/value_objects/academic_ids.py:208;bioetl.domain.value_objects.publications.DOI._strip_url_prefix@src/bioetl/domain/value_objects/publications.py:42
38c0face53d2cb9a06eb2f18e4d9c70c96af9d86932defb58ffccf6f2fc894f6,2,6,bioetl.infrastructure.adapters.crossref.client.CrossRefAdapter._build_headers@src/bioetl/infrastructure/adapters/crossref/client.py:113;bioetl.infrastructure.adapters.openalex.client.OpenAlexAdapter._build_headers@src/bioetl/infrastructure/adapters/openalex/client.py:92
637e403df0d3c8a48c0939111ed488eef2c944da03bdeed2bb03ed0e01502526,2,6,bioetl.infrastructure.config.base_config_loader.BaseConfigLoader.clear_cache@src/bioetl/infrastructure/config/base_config_loader.py:44;bioetl.infrastructure.config.dq_config_loader.DQConfigLoader.clear_cache@src/bioetl/infrastructure/config/dq_config_loader.py:124
9263728d09cd8044294f1aa200535d791c4598d1f785036d3335a5acf21f194e,2,5,bioetl.domain.composite.field_groups.FieldGroupRegistry.get_columns_by_group@src/bioetl/domain/composite/field_groups.py:286;bioetl.domain.value_objects.publication_field_groups.FieldGroupConfig.get_columns_by_group@src/bioetl/domain/value_objects/publication_field_groups.py:311
70ea42fcb026c28eca14c1f430352e10fbce9b4ba128d25efc7927e3d3c03a9d,2,5,bioetl.domain.normalization._parse_authors_from_delimited@src/bioetl/domain/normalization.py:262;bioetl.domain.services.data_normalization_service.DefaultDataNormalizationService._parse_delimited@src/bioetl/domain/services/data_normalization_service.py:185
c58aacfc0c000586ed323f32eb01899056fb20d436a7693a5a150ac20719e721,2,4,bioetl.domain.value_objects.bronze_result.BronzeWriteResult.__post_init__@src/bioetl/domain/value_objects/bronze_result.py:60;bioetl.domain.value_objects.silver_result.SilverWriteResult.__post_init__@src/bioetl/domain/value_objects/silver_result.py:47
a462588c7eb752b9e28073f8aeb156d21eabf4c1ef8d43478059cea495ea5685,2,3,bioetl.domain.aggregates.batch.Batch.batch_id@src/bioetl/domain/aggregates/batch.py:212;bioetl.domain.aggregates.quarantine_entry.QuarantineEntry.batch_id@src/bioetl/domain/aggregates/quarantine_entry.py:292
b8fed4534f0be5924649291b76615812158359f3c5edf08fb0bff861816175c9,2,3,bioetl.domain.aggregates.batch.Batch.created_at@src/bioetl/domain/aggregates/batch.py:262;bioetl.domain.aggregates.quarantine_entry.QuarantineEntry.created_at@src/bioetl/domain/aggregates/quarantine_entry.py:302
da7c9e993d42545787bb41213f13defcefa03c8c84cc4542c9526ba00b2090c7,2,3,bioetl.domain.aggregates.batch.Batch.metadata@src/bioetl/domain/aggregates/batch.py:272;bioetl.domain.aggregates.pipeline_run.PipelineRun.metadata@src/bioetl/domain/aggregates/pipeline_run.py:272
5c14b3deb7e86456aeeeac11985a0b5a52dbc07edebc0dd651e777bf7bd81eae,2,3,bioetl.domain.aggregates.pipeline_run.PipelineRun.pipeline_name@src/bioetl/domain/aggregates/pipeline_run.py:247;bioetl.domain.aggregates.quarantine_entry.QuarantineEntry.pipeline_name@src/bioetl/domain/aggregates/quarantine_entry.py:267
8ef33e08c670c601c5842b586cc981307aaa62d982c19a0bc7eadf8d2539eba0,2,3,bioetl.domain.composite.config.DependencyConfig.primary_join_key@src/bioetl/domain/composite/config.py:186;bioetl.domain.composite.config.EnricherConfig.primary_join_key@src/bioetl/domain/composite/config.py:295
e9ea6fea2f99fb75d0037aa4938b428804f36879d6a0ebb3c0c72b64e3982f79,2,3,bioetl.domain.composite.field_groups.FieldGroupRegistry.is_gold_field@src/bioetl/domain/composite/field_groups.py:256;bioetl.domain.value_objects.publication_field_groups.FieldGroupConfig.is_gold_field@src/bioetl/domain/value_objects/publication_field_groups.py:278
1f9578a53084fcf9740876871134f58afe66e0246738905d34b60348c1ac164a,2,3,bioetl.domain.configs.base.RateLimitConfig.__post_init__@src/bioetl/domain/configs/base.py:40;bioetl.domain.configs.base.BaseClientConfig.__post_init__@src/bioetl/domain/configs/base.py:79
af45ec66136fd47f3b48bc61a8c37f7f9d9b67e948ce0979342cc62cdebc8a9b,2,3,bioetl.domain.entities.bioactivity.Bioactivity.state@src/bioetl/domain/entities/bioactivity.py:191;bioetl.infrastructure.adapters.http.circuit_breaker.CircuitBreaker.get_state@src/bioetl/infrastructure/adapters/http/circuit_breaker.py:81
7b5e29b4d4a955910f849313b76173109e369fe37e5071b7b42f80acd160e153,2,3,bioetl.domain.normalization._filter_valid_strings@src/bioetl/domain/normalization.py:235;bioetl.domain.services.data_normalization_service.DefaultDataNormalizationService._filter_json_authors@src/bioetl/domain/services/data_normalization_service.py:181
ca293162e5def696a8f5e69c9551352de73202363b03490907cd6148c29c8ea6,2,3,bioetl.domain.normalization._parse_authors_from_list@src/bioetl/domain/normalization.py:240;bioetl.domain.services.data_normalization_service.DefaultDataNormalizationService._parse_authors_from_list@src/bioetl/domain/services/data_normalization_service.py:156
027b0dfec2ff85bc20cf420b40b3d66b30a5e28bc89ce700e567d56230995666,2,3,bioetl.domain.ports.health_check.HealthCheckResult.is_healthy@src/bioetl/domain/ports/health_check.py:58;bioetl.infrastructure.adapters.http.health_monitor.ProviderHealthTracker.is_healthy@src/bioetl/infrastructure/adapters/http/health_monitor.py:440
9e5308ced9796c7162ad3ae0055e945048032a48159ed7501a6a699579e19273,2,3,bioetl.domain.ports.health_check.HealthCheckResult.is_unhealthy@src/bioetl/domain/ports/health_check.py:68;bioetl.infrastructure.adapters.http.health_monitor.ProviderHealthTracker.is_unhealthy@src/bioetl/infrastructure/adapters/http/health_monitor.py:449
405b36e375a23560fd247a482777a61fb6ea6aeb259b45fe6b3ee988ac463241,2,3,bioetl.domain.schemas.pubchem.compound.PubchemMoleculeSchema._check_canonical_smiles@src/bioetl/domain/schemas/pubchem/compound.py:43;bioetl.domain.schemas.pubchem.compound.PubchemMoleculeSchema._check_isomeric_smiles@src/bioetl/domain/schemas/pubchem/compound.py:53
09ac0d66a2ff2bfc081d1c00df70efa027d44a2ae320f61887d1d6c72782187c,2,3,bioetl.domain.schemas.pubchem.compound.PubchemMoleculeSchema._check_h_bond_donor_count@src/bioetl/domain/schemas/pubchem/compound.py:167;bioetl.domain.schemas.pubchem.compound.PubchemMoleculeSchema._check_h_bond_acceptor_count@src/bioetl/domain/schemas/pubchem/compound.py:176
b6aa22b2b33eea06a72f7ac7eb9661328c77f11b5f34688f1e09bb7229c6d666,2,3,bioetl.domain.value_objects.academic_ids.ISSN.compact@src/bioetl/domain/value_objects/academic_ids.py:166;bioetl.domain.value_objects.academic_ids.ORCID.compact@src/bioetl/domain/value_objects/academic_ids.py:242
1134b9e6b21ebfad92ece058ebaa566a1667a9bf588e9c93bc1adca222ccd1fe,2,3,bioetl.domain.value_objects.activity.ConfidenceScore.__hash__@src/bioetl/domain/value_objects/activity.py:214;bioetl.domain.value_objects.activity_values.PChemblValue.__hash__@src/bioetl/domain/value_objects/activity_values.py:413
b1473f6b7d0363fb2bc2f8cda5baadb3aa42014bfa5cb745324070ad2ab250c4,2,3,bioetl.domain.value_objects.base.ValueObject.__str__@src/bioetl/domain/value_objects/base.py:83;bioetl.domain.value_objects.taxonomy_id.TaxonomyId.as_str@src/bioetl/domain/value_objects/taxonomy_id.py:92
4139e074d71d4a07a69b357574b2b2b59f96f1dffb09d3e37965d9cc5ea51e3f,2,3,bioetl.application.composite.runner.CompositePipelineRunner.config@src/bioetl/application/composite/runner.py:204;bioetl.application.core.base.BasePipeline.config@src/bioetl/application/core/base.py:108
6a2da6a0db920c2fe5268e8b6007836c98e929f85473ad5371855a036197084e,2,3,bioetl.application.core.base.BasePipeline.services@src/bioetl/application/core/base.py:118;bioetl.application.core.runner.PipelineRunner.services@src/bioetl/application/core/runner.py:111
6132b2c6f94e752830aba1cbaed988353abe76918eb6896914f4634aa96e6af0,2,3,bioetl.application.core.base.BasePipeline.logger@src/bioetl/application/core/base.py:133;bioetl.application.core.runner.PipelineRunner.logger@src/bioetl/application/core/runner.py:106
4f6bce03b9aa50a820b2f4c370b2552690805db631fd6c4f34900977dfe160e8,2,3,bioetl.application.core.base.BasePipeline.entity_type@src/bioetl/application/core/base.py:155;bioetl.application.core.batch_executor.BatchExecutor.entity_type@src/bioetl/application/core/batch_executor.py:193
6d803bf56fdb242b49d2dbcabebcea533e80f38633d143941f98404f164deb02,2,3,bioetl.application.services.export_service.ExportResult.success@src/bioetl/application/services/export_service.py:109;bioetl.application.services.vacuum_service.TableVacuumResult.success@src/bioetl/application/services/vacuum_service.py:50
db3d4b9603e2b22461974a8e3528eb4a30ad7f20e8215c6ad887527920117bff,2,3,bioetl.infrastructure.adapters.decorators.circuit_breaker.CircuitBreakerDataSourceDecorator.provider_name@src/bioetl/infrastructure/adapters/decorators/circuit_breaker.py:86;bioetl.infrastructure.adapters.decorators.retry.RetryingDataSourceDecorator.provider_name@src/bioetl/infrastructure/adapters/decorators/retry.py:86
0e688d0d61ed095bf58b20125af643c734c5ce6d238ca47039426b1eea878609,2,3,bioetl.infrastructure.adapters.decorators.circuit_breaker.CircuitBreakerDataSourceDecorator.aclose@src/bioetl/infrastructure/adapters/decorators/circuit_breaker.py:243;bioetl.infrastructure.adapters.decorators.retry.RetryingDataSourceDecorator.aclose@src/bioetl/infrastructure/adapters/decorators/retry.py:303
a9ba6ef785f7d98034984388b2118568babd8005e25b6a7167552412a6986751,2,3,bioetl.infrastructure.adapters.sync_base.BaseSyncAdapter.__aexit__@src/bioetl/infrastructure/adapters/sync_base.py:123;bioetl.infrastructure.adapters.sync_base.BaseSyncAdapter.aclose@src/bioetl/infrastructure/adapters/sync_base.py:131
