"run_id","workflow_id","pipeline_id","provider_id","stage","record_index","source_record_id","primary_key","payload_hash","input_payload_hash","output_payload_hash","status","reason_code","reason_message","rule_id","rule_layer","failed_field","failed_value","expected_constraint","action","created_at","raw_payload","normalized_payload"
"3bf6db82-1d82-4fc5-86a4-7c61010ea480","chembl_assay","chembl_assay","chembl","gold","316","CHEMBL1121801","chembl:CHEMBL668194","83becc9d69a307ce27fa7f2973bb1a04ac4e4470c086e57cea5add362afeec77","76cdf5d7c8e8b5e700110eceea2f71a16b9b0275fa642c3fd67f29c17133172f","83becc9d69a307ce27fa7f2973bb1a04ac4e4470c086e57cea5add362afeec77","rejected","SEMANTIC_FILTER_EXCLUDED","Gold semantic filter excluded the record.","","gold","","","","filter","2026-06-02T16:14:45.167966+00:00","{""aidx"": ""CLD0"", ""assay_category"": null, ""assay_cell_type"": null, ""assay_chembl_id"": ""CHEMBL668194"", ""assay_classifications"": [{""assay_class_id"": 321, ""bao_id"": null, ""class_type"": ""In vivo efficacy"", ""l1"": ""NERVOUS SYSTEM"", ""l2"": ""Anti-Depressant Activity"", ""l3"": ""General Anti-Depressant Activity"", ""source"": ""phenotype""}], ""assay_group"": null, ""assay_organism"": ""Canis lupus familiaris"", ""assay_parameters"": [], ""assay_strain"": null, ""assay_subcellular_fraction"": null, ""assay_tax_id"": 9615, ""assay_test_type"": null, ""assay_tissue"": null, ""assay_type"": ""F"", ""assay_type_description"": ""Functional"", ""bao_format"": ""BAO_0000218"", ""bao_label"": ""organism-based format"", ""cell_chembl_id"": null, ""confidence_description"": ""Direct single protein target assigned"", ""confidence_score"": 9, ""description"": ""In vivo sympatholytic activity (isoproterenol-induced vasodepression) at beta 2-adrenergic receptor in anesthetized dog, iv"", ""document_chembl_id"": ""CHEMBL1121801"", ""relationship_description"": ""Direct protein target assigned"", ""relationship_type"": ""D"", ""src_assay_id"": null, ""src_id"": 1, ""target_chembl_id"": ""CHEMBL2289"", ""tissue_chembl_id"": null, ""variant_sequence"": null}","{""_dq_error"": false, ""_dq_warn"": false, ""_index"": 316, ""_ingestion_ts"": ""2026-06-02T16:14:42.785157+00:00"", ""_run_id"": ""3bf6db82-1d82-4fc5-86a4-7c61010ea480"", ""_run_type"": ""backfill"", ""_source_batch_id"": ""4bdd2090-423d-4584-92ed-f6dc28ab650a"", ""aidx"": ""CLD0"", ""assay_category"": null, ""assay_cell_type"": null, ""assay_classifications"": ""{\""assay_class_id\"":321,\""bao_id\"":null,\""class_type\"":\""In vivo efficacy\"",\""l1\"":\""NERVOUS SYSTEM\"",\""l2\"":\""Anti-Depressant Activity\"",\""l3\"":\""General Anti-Depressant Activity\"",\""source\"":\""phenotype\""}"", ""assay_description"": ""In vivo sympatholytic activity (isoproterenol-induced vasodepression) at beta 2-adrenergic receptor in anesthetized dog, iv"", ""assay_group"": null, ""assay_id"": ""CHEMBL668194"", ""assay_organism"": ""Canis lupus familiaris"", ""assay_parameters"": null, ""assay_pref_name"": null, ""assay_strain"": null, ""assay_subcellular_fraction"": null, ""assay_subcellular_fraction_raw"": null, ""assay_taxonomy_id"": 9615, ""assay_test_type"": null, ""assay_tissue"": null, ""assay_type"": ""F"", ""assay_type_description"": ""Functional"", ""bao_format"": ""BAO_0000218"", ""bao_format_iri"": ""https://purl.obolibrary.org/obo/BAO_0000218"", ""bao_format_mapping_status"": ""mapped"", ""bao_label"": ""organism-based format"", ""bao_ontology_version"": ""2.8.18a"", ""cell_id"": null, ""confidence_description"": ""Direct single protein target assigned"", ""confidence_score"": 9.0, ""content_hash"": ""83becc9d69a307ce27fa7f2973bb1a04ac4e4470c086e57cea5add362afeec77"", ""entity_id"": ""chembl:CHEMBL668194"", ""publication_id"": ""CHEMBL1121801"", ""relationship_description"": ""Direct protein target assigned"", ""relationship_type"": ""D"", ""score"": null, ""src_assay_id"": null, ""src_id"": 1, ""target_id"": ""CHEMBL2289"", ""tissue_id"": null, ""variant_accession"": null, ""variant_isoform"": null, ""variant_mutation"": null, ""variant_organism"": null, ""variant_sequence"": null, ""variant_sequence_json"": null, ""variant_taxonomy_id"": null}"
"3bf6db82-1d82-4fc5-86a4-7c61010ea480","chembl_assay","chembl_assay","chembl","gold","357","CHEMBL1123336","chembl:CHEMBL670107","956bf7bfdb26f414d025fdeb89ad8dde9ae0e37b95541a5a7de3beadcf39089e","cefa25c26905907340c22acd4cd1e96104b4b706ad59ac5555f6db0a6abf7e83","956bf7bfdb26f414d025fdeb89ad8dde9ae0e37b95541a5a7de3beadcf39089e","rejected","SEMANTIC_FILTER_EXCLUDED","Gold semantic filter excluded the record.","","gold","","","","filter","2026-06-02T16:14:45.203690+00:00","{""aidx"": ""CLD0"", ""assay_category"": null, ""assay_cell_type"": null, ""assay_chembl_id"": ""CHEMBL670107"", ""assay_classifications"": [], ""assay_group"": null, ""assay_organism"": ""Rattus norvegicus"", ""assay_parameters"": [], ""assay_strain"": null, ""assay_subcellular_fraction"": null, ""assay_tax_id"": 10116, ""assay_test_type"": null, ""assay_tissue"": null, ""assay_type"": ""F"", ""assay_type_description"": ""Functional"", ""bao_format"": ""BAO_0000218"", ""bao_label"": ""organism-based format"", ""cell_chembl_id"": null, ""confidence_description"": ""Direct single protein target assigned"", ""confidence_score"": 9, ""description"": ""In vivo inhibition of DA uptake at dopamine uptake site"", ""document_chembl_id"": ""CHEMBL1123336"", ""relationship_description"": ""Direct protein target assigned"", ""relationship_type"": ""D"", ""src_assay_id"": null, ""src_id"": 1, ""target_chembl_id"": ""CHEMBL338"", ""tissue_chembl_id"": null, ""variant_sequence"": null}","{""_dq_error"": false, ""_dq_warn"": false, ""_index"": 357, ""_ingestion_ts"": ""2026-06-02T16:14:42.785157+00:00"", ""_run_id"": ""3bf6db82-1d82-4fc5-86a4-7c61010ea480"", ""_run_type"": ""backfill"", ""_source_batch_id"": ""4bdd2090-423d-4584-92ed-f6dc28ab650a"", ""aidx"": ""CLD0"", ""assay_category"": null, ""assay_cell_type"": null, ""assay_classifications"": null, ""assay_description"": ""In vivo inhibition of DA uptake at dopamine uptake site"", ""assay_group"": null, ""assay_id"": ""CHEMBL670107"", ""assay_organism"": ""Rattus norvegicus"", ""assay_parameters"": null, ""assay_pref_name"": null, ""assay_strain"": null, ""assay_subcellular_fraction"": null, ""assay_subcellular_fraction_raw"": null, ""assay_taxonomy_id"": 10116, ""assay_test_type"": null, ""assay_tissue"": null, ""assay_type"": ""F"", ""assay_type_description"": ""Functional"", ""bao_format"": ""BAO_0000218"", ""bao_format_iri"": ""https://purl.obolibrary.org/obo/BAO_0000218"", ""bao_format_mapping_status"": ""mapped"", ""bao_label"": ""organism-based format"", ""bao_ontology_version"": ""2.8.18a"", ""cell_id"": null, ""confidence_description"": ""Direct single protein target assigned"", ""confidence_score"": 9.0, ""content_hash"": ""956bf7bfdb26f414d025fdeb89ad8dde9ae0e37b95541a5a7de3beadcf39089e"", ""entity_id"": ""chembl:CHEMBL670107"", ""publication_id"": ""CHEMBL1123336"", ""relationship_description"": ""Direct protein target assigned"", ""relationship_type"": ""D"", ""score"": null, ""src_assay_id"": null, ""src_id"": 1, ""target_id"": ""CHEMBL338"", ""tissue_id"": null, ""variant_accession"": null, ""variant_isoform"": null, ""variant_mutation"": null, ""variant_organism"": null, ""variant_sequence"": null, ""variant_sequence_json"": null, ""variant_taxonomy_id"": null}"
"3bf6db82-1d82-4fc5-86a4-7c61010ea480","chembl_assay","chembl_assay","chembl","gold","394","CHEMBL1124588","chembl:CHEMBL670897","a7754d1fa89c1cc79518d68b9108ff0a802ff6eb253d27dbb2be45bd37de4f93","8b6d8ee6c38d364755f3670fd4c0b56236f722cf0d6275fd5ed2e9d6f31a5b32","a7754d1fa89c1cc79518d68b9108ff0a802ff6eb253d27dbb2be45bd37de4f93","rejected","SEMANTIC_FILTER_EXCLUDED","Gold semantic filter excluded the record.","","gold","","","","filter","2026-06-02T16:14:45.240094+00:00","{""aidx"": ""CLD0"", ""assay_category"": null, ""assay_cell_type"": null, ""assay_chembl_id"": ""CHEMBL670897"", ""assay_classifications"": [], ""assay_group"": null, ""assay_organism"": ""Rattus norvegicus"", ""assay_parameters"": [], ""assay_strain"": null, ""assay_subcellular_fraction"": null, ""assay_tax_id"": 10116, ""assay_test_type"": null, ""assay_tissue"": ""Plasma"", ""assay_type"": ""F"", ""assay_type_description"": ""Functional"", ""bao_format"": ""BAO_0000218"", ""bao_label"": ""organism-based format"", ""cell_chembl_id"": null, ""confidence_description"": ""Direct single protein target assigned"", ""confidence_score"": 9, ""description"": ""Dopamine D2 agonistic activity (2 mg/kg) as plasma prolactin level in reserpinized rats"", ""document_chembl_id"": ""CHEMBL1124588"", ""relationship_description"": ""Direct protein target assigned"", ""relationship_type"": ""D"", ""src_assay_id"": null, ""src_id"": 1, ""target_chembl_id"": ""CHEMBL339"", ""tissue_chembl_id"": ""CHEMBL3559721"", ""variant_sequence"": null}","{""_dq_error"": false, ""_dq_warn"": false, ""_index"": 394, ""_ingestion_ts"": ""2026-06-02T16:14:42.785157+00:00"", ""_run_id"": ""3bf6db82-1d82-4fc5-86a4-7c61010ea480"", ""_run_type"": ""backfill"", ""_source_batch_id"": ""4bdd2090-423d-4584-92ed-f6dc28ab650a"", ""aidx"": ""CLD0"", ""assay_category"": null, ""assay_cell_type"": null, ""assay_classifications"": null, ""assay_description"": ""Dopamine D2 agonistic activity (2 mg/kg) as plasma prolactin level in reserpinized rats"", ""assay_group"": null, ""assay_id"": ""CHEMBL670897"", ""assay_organism"": ""Rattus norvegicus"", ""assay_parameters"": null, ""assay_pref_name"": null, ""assay_strain"": null, ""assay_subcellular_fraction"": null, ""assay_subcellular_fraction_raw"": null, ""assay_taxonomy_id"": 10116, ""assay_test_type"": null, ""assay_tissue"": ""Plasma"", ""assay_type"": ""F"", ""assay_type_description"": ""Functional"", ""bao_format"": ""BAO_0000218"", ""bao_format_iri"": ""https://purl.obolibrary.org/obo/BAO_0000218"", ""bao_format_mapping_status"": ""mapped"", ""bao_label"": ""organism-based format"", ""bao_ontology_version"": ""2.8.18a"", ""cell_id"": null, ""confidence_description"": ""Direct single protein target assigned"", ""confidence_score"": 9.0, ""content_hash"": ""a7754d1fa89c1cc79518d68b9108ff0a802ff6eb253d27dbb2be45bd37de4f93"", ""entity_id"": ""chembl:CHEMBL670897"", ""publication_id"": ""CHEMBL1124588"", ""relationship_description"": ""Direct protein target assigned"", ""relationship_type"": ""D"", ""score"": null, ""src_assay_id"": null, ""src_id"": 1, ""target_id"": ""CHEMBL339"", ""tissue_id"": ""CHEMBL3559721"", ""variant_accession"": null, ""variant_isoform"": null, ""variant_mutation"": null, ""variant_organism"": null, ""variant_sequence"": null, ""variant_sequence_json"": null, ""variant_taxonomy_id"": null}"
"3bf6db82-1d82-4fc5-86a4-7c61010ea480","chembl_assay","chembl_assay","chembl","gold","423","CHEMBL1132964","chembl:CHEMBL671544","2db008b9361535fc7e4ab5b85e6743672998e23652968226e220fd8960b86836","61b3a20069d5226c51fdefc407bff00c2307ddfc6095707dad7a7299e5ed7b3e","2db008b9361535fc7e4ab5b85e6743672998e23652968226e220fd8960b86836","rejected","SEMANTIC_FILTER_EXCLUDED","Gold semantic filter excluded the record.","","gold","","","","filter","2026-06-02T16:14:45.265370+00:00","{""aidx"": ""CLD0"", ""assay_category"": null, ""assay_cell_type"": null, ""assay_chembl_id"": ""CHEMBL671544"", ""assay_classifications"": [], ""assay_group"": null, ""assay_organism"": ""Rattus norvegicus"", ""assay_parameters"": [], ""assay_strain"": null, ""assay_subcellular_fraction"": null, ""assay_tax_id"": 10116, ""assay_test_type"": ""In vivo"", ""assay_tissue"": null, ""assay_type"": ""F"", ""assay_type_description"": ""Functional"", ""bao_format"": ""BAO_0000218"", ""bao_label"": ""organism-based format"", ""cell_chembl_id"": null, ""confidence_description"": ""Direct single protein target assigned"", ""confidence_score"": 9, ""description"": ""Inhibition of Endothelin B receptor in pithed rats 1.5 hour after oral administration at 75 uM/kg"", ""document_chembl_id"": ""CHEMBL1132964"", ""relationship_description"": ""Direct protein target assigned"", ""relationship_type"": ""D"", ""src_assay_id"": null, ""src_id"": 1, ""target_chembl_id"": ""CHEMBL4631"", ""tissue_chembl_id"": null, ""variant_sequence"": null}","{""_dq_error"": false, ""_dq_warn"": false, ""_index"": 423, ""_ingestion_ts"": ""2026-06-02T16:14:42.785157+00:00"", ""_run_id"": ""3bf6db82-1d82-4fc5-86a4-7c61010ea480"", ""_run_type"": ""backfill"", ""_source_batch_id"": ""4bdd2090-423d-4584-92ed-f6dc28ab650a"", ""aidx"": ""CLD0"", ""assay_category"": null, ""assay_cell_type"": null, ""assay_classifications"": null, ""assay_description"": ""Inhibition of Endothelin B receptor in pithed rats 1.5 hour after oral administration at 75 uM/kg"", ""assay_group"": null, ""assay_id"": ""CHEMBL671544"", ""assay_organism"": ""Rattus norvegicus"", ""assay_parameters"": null, ""assay_pref_name"": null, ""assay_strain"": null, ""assay_subcellular_fraction"": null, ""assay_subcellular_fraction_raw"": null, ""assay_taxonomy_id"": 10116, ""assay_test_type"": ""In vivo"", ""assay_tissue"": null, ""assay_type"": ""F"", ""assay_type_description"": ""Functional"", ""bao_format"": ""BAO_0000218"", ""bao_format_iri"": ""https://purl.obolibrary.org/obo/BAO_0000218"", ""bao_format_mapping_status"": ""mapped"", ""bao_label"": ""organism-based format"", ""bao_ontology_version"": ""2.8.18a"", ""cell_id"": null, ""confidence_description"": ""Direct single protein target assigned"", ""confidence_score"": 9.0, ""content_hash"": ""2db008b9361535fc7e4ab5b85e6743672998e23652968226e220fd8960b86836"", ""entity_id"": ""chembl:CHEMBL671544"", ""publication_id"": ""CHEMBL1132964"", ""relationship_description"": ""Direct protein target assigned"", ""relationship_type"": ""D"", ""score"": null, ""src_assay_id"": null, ""src_id"": 1, ""target_id"": ""CHEMBL4631"", ""tissue_id"": null, ""variant_accession"": null, ""variant_isoform"": null, ""variant_mutation"": null, ""variant_organism"": null, ""variant_sequence"": null, ""variant_sequence_json"": null, ""variant_taxonomy_id"": null}"
"3bf6db82-1d82-4fc5-86a4-7c61010ea480","chembl_assay","chembl_assay","chembl","gold","424","CHEMBL1132964","chembl:CHEMBL671545","0552a8fc7164db9ce207a69e5292c0c5de7e8038728288c45e50ee9ebbd70d63","0e974efc8e11cfc7938f1d5d51c89342b3c75a4b8ab3512f9f06a30075a5ad57","0552a8fc7164db9ce207a69e5292c0c5de7e8038728288c45e50ee9ebbd70d63","rejected","SEMANTIC_FILTER_EXCLUDED","Gold semantic filter excluded the record.","","gold","","","","filter","2026-06-02T16:14:45.266191+00:00","{""aidx"": ""CLD0"", ""assay_category"": null, ""assay_cell_type"": null, ""assay_chembl_id"": ""CHEMBL671545"", ""assay_classifications"": [], ""assay_group"": null, ""assay_organism"": ""Rattus norvegicus"", ""assay_parameters"": [], ""assay_strain"": null, ""assay_subcellular_fraction"": null, ""assay_tax_id"": 10116, ""assay_test_type"": ""In vivo"", ""assay_tissue"": null, ""assay_type"": ""F"", ""assay_type_description"": ""Functional"", ""bao_format"": ""BAO_0000218"", ""bao_label"": ""organism-based format"", ""cell_chembl_id"": null, ""confidence_description"": ""Direct single protein target assigned"", ""confidence_score"": 9, ""description"": ""Inhibition of Endothelin B receptor in pithed rats 3 hour after oral administration at 75 umol/kg"", ""document_chembl_id"": ""CHEMBL1132964"", ""relationship_description"": ""Direct protein target assigned"", ""relationship_type"": ""D"", ""src_assay_id"": null, ""src_id"": 1, ""target_chembl_id"": ""CHEMBL4631"", ""tissue_chembl_id"": null, ""variant_sequence"": null}","{""_dq_error"": false, ""_dq_warn"": false, ""_index"": 424, ""_ingestion_ts"": ""2026-06-02T16:14:42.785157+00:00"", ""_run_id"": ""3bf6db82-1d82-4fc5-86a4-7c61010ea480"", ""_run_type"": ""backfill"", ""_source_batch_id"": ""4bdd2090-423d-4584-92ed-f6dc28ab650a"", ""aidx"": ""CLD0"", ""assay_category"": null, ""assay_cell_type"": null, ""assay_classifications"": null, ""assay_description"": ""Inhibition of Endothelin B receptor in pithed rats 3 hour after oral administration at 75 umol/kg"", ""assay_group"": null, ""assay_id"": ""CHEMBL671545"", ""assay_organism"": ""Rattus norvegicus"", ""assay_parameters"": null, ""assay_pref_name"": null, ""assay_strain"": null, ""assay_subcellular_fraction"": null, ""assay_subcellular_fraction_raw"": null, ""assay_taxonomy_id"": 10116, ""assay_test_type"": ""In vivo"", ""assay_tissue"": null, ""assay_type"": ""F"", ""assay_type_description"": ""Functional"", ""bao_format"": ""BAO_0000218"", ""bao_format_iri"": ""https://purl.obolibrary.org/obo/BAO_0000218"", ""bao_format_mapping_status"": ""mapped"", ""bao_label"": ""organism-based format"", ""bao_ontology_version"": ""2.8.18a"", ""cell_id"": null, ""confidence_description"": ""Direct single protein target assigned"", ""confidence_score"": 9.0, ""content_hash"": ""0552a8fc7164db9ce207a69e5292c0c5de7e8038728288c45e50ee9ebbd70d63"", ""entity_id"": ""chembl:CHEMBL671545"", ""publication_id"": ""CHEMBL1132964"", ""relationship_description"": ""Direct protein target assigned"", ""relationship_type"": ""D"", ""score"": null, ""src_assay_id"": null, ""src_id"": 1, ""target_id"": ""CHEMBL4631"", ""tissue_id"": null, ""variant_accession"": null, ""variant_isoform"": null, ""variant_mutation"": null, ""variant_organism"": null, ""variant_sequence"": null, ""variant_sequence_json"": null, ""variant_taxonomy_id"": null}"
"3bf6db82-1d82-4fc5-86a4-7c61010ea480","chembl_assay","chembl_assay","chembl","gold","425","CHEMBL1132964","chembl:CHEMBL671546","92643573404026dc0b5c5a2338925ae8dcdb718b4d90b52459b9f55524af28cd","8295f6e5722813510e633f1c11e060f393974191c4b292bae61d03096c30103c","92643573404026dc0b5c5a2338925ae8dcdb718b4d90b52459b9f55524af28cd","rejected","SEMANTIC_FILTER_EXCLUDED","Gold semantic filter excluded the record.","","gold","","","","filter","2026-06-02T16:14:45.267118+00:00","{""aidx"": ""CLD0"", ""assay_category"": null, ""assay_cell_type"": null, ""assay_chembl_id"": ""CHEMBL671546"", ""assay_classifications"": [], ""assay_group"": null, ""assay_organism"": ""Rattus norvegicus"", ""assay_parameters"": [], ""assay_strain"": null, ""assay_subcellular_fraction"": null, ""assay_tax_id"": 10116, ""assay_test_type"": ""In vivo"", ""assay_tissue"": null, ""assay_type"": ""F"", ""assay_type_description"": ""Functional"", ""bao_format"": ""BAO_0000218"", ""bao_label"": ""organism-based format"", ""cell_chembl_id"": null, ""confidence_description"": ""Direct single protein target assigned"", ""confidence_score"": 9, ""description"": ""Activity against Endothelin B receptor in pithed rats after intravenous administration at 25 umol/kg"", ""document_chembl_id"": ""CHEMBL1132964"", ""relationship_description"": ""Direct protein target assigned"", ""relationship_type"": ""D"", ""src_assay_id"": null, ""src_id"": 1, ""target_chembl_id"": ""CHEMBL4631"", ""tissue_chembl_id"": null, ""variant_sequence"": null}","{""_dq_error"": false, ""_dq_warn"": false, ""_index"": 425, ""_ingestion_ts"": ""2026-06-02T16:14:42.785157+00:00"", ""_run_id"": ""3bf6db82-1d82-4fc5-86a4-7c61010ea480"", ""_run_type"": ""backfill"", ""_source_batch_id"": ""4bdd2090-423d-4584-92ed-f6dc28ab650a"", ""aidx"": ""CLD0"", ""assay_category"": null, ""assay_cell_type"": null, ""assay_classifications"": null, ""assay_description"": ""Activity against Endothelin B receptor in pithed rats after intravenous administration at 25 umol/kg"", ""assay_group"": null, ""assay_id"": ""CHEMBL671546"", ""assay_organism"": ""Rattus norvegicus"", ""assay_parameters"": null, ""assay_pref_name"": null, ""assay_strain"": null, ""assay_subcellular_fraction"": null, ""assay_subcellular_fraction_raw"": null, ""assay_taxonomy_id"": 10116, ""assay_test_type"": ""In vivo"", ""assay_tissue"": null, ""assay_type"": ""F"", ""assay_type_description"": ""Functional"", ""bao_format"": ""BAO_0000218"", ""bao_format_iri"": ""https://purl.obolibrary.org/obo/BAO_0000218"", ""bao_format_mapping_status"": ""mapped"", ""bao_label"": ""organism-based format"", ""bao_ontology_version"": ""2.8.18a"", ""cell_id"": null, ""confidence_description"": ""Direct single protein target assigned"", ""confidence_score"": 9.0, ""content_hash"": ""92643573404026dc0b5c5a2338925ae8dcdb718b4d90b52459b9f55524af28cd"", ""entity_id"": ""chembl:CHEMBL671546"", ""publication_id"": ""CHEMBL1132964"", ""relationship_description"": ""Direct protein target assigned"", ""relationship_type"": ""D"", ""score"": null, ""src_assay_id"": null, ""src_id"": 1, ""target_id"": ""CHEMBL4631"", ""tissue_id"": null, ""variant_accession"": null, ""variant_isoform"": null, ""variant_mutation"": null, ""variant_organism"": null, ""variant_sequence"": null, ""variant_sequence_json"": null, ""variant_taxonomy_id"": null}"
"3bf6db82-1d82-4fc5-86a4-7c61010ea480","chembl_assay","chembl_assay","chembl","gold","486","CHEMBL1124588","chembl:CHEMBL672648","6286d61a97be0767e5f7bdd02bbd6fcb067b8701d6608169474ed3b32a633552","d4ea8cc83c9758a82c3963818a8da8081f507f23fbadc82fbde9dba543da785c","6286d61a97be0767e5f7bdd02bbd6fcb067b8701d6608169474ed3b32a633552","rejected","SEMANTIC_FILTER_EXCLUDED","Gold semantic filter excluded the record.","","gold","","","","filter","2026-06-02T16:14:45.319090+00:00","{""aidx"": ""CLD0"", ""assay_category"": null, ""assay_cell_type"": null, ""assay_chembl_id"": ""CHEMBL672648"", ""assay_classifications"": [], ""assay_group"": null, ""assay_organism"": ""Rattus norvegicus"", ""assay_parameters"": [], ""assay_strain"": null, ""assay_subcellular_fraction"": null, ""assay_tax_id"": 10116, ""assay_test_type"": null, ""assay_tissue"": null, ""assay_type"": ""F"", ""assay_type_description"": ""Functional"", ""bao_format"": ""BAO_0000218"", ""bao_label"": ""organism-based format"", ""cell_chembl_id"": null, ""confidence_description"": ""Direct single protein target assigned"", ""confidence_score"": 9, ""description"": ""Dopamine D2 agonistic activity (2 mg/kg) as percent change in prolactin level in reserpinized rats"", ""document_chembl_id"": ""CHEMBL1124588"", ""relationship_description"": ""Direct protein target assigned"", ""relationship_type"": ""D"", ""src_assay_id"": null, ""src_id"": 1, ""target_chembl_id"": ""CHEMBL339"", ""tissue_chembl_id"": null, ""variant_sequence"": null}","{""_dq_error"": false, ""_dq_warn"": false, ""_index"": 486, ""_ingestion_ts"": ""2026-06-02T16:14:42.785157+00:00"", ""_run_id"": ""3bf6db82-1d82-4fc5-86a4-7c61010ea480"", ""_run_type"": ""backfill"", ""_source_batch_id"": ""4bdd2090-423d-4584-92ed-f6dc28ab650a"", ""aidx"": ""CLD0"", ""assay_category"": null, ""assay_cell_type"": null, ""assay_classifications"": null, ""assay_description"": ""Dopamine D2 agonistic activity (2 mg/kg) as percent change in prolactin level in reserpinized rats"", ""assay_group"": null, ""assay_id"": ""CHEMBL672648"", ""assay_organism"": ""Rattus norvegicus"", ""assay_parameters"": null, ""assay_pref_name"": null, ""assay_strain"": null, ""assay_subcellular_fraction"": null, ""assay_subcellular_fraction_raw"": null, ""assay_taxonomy_id"": 10116, ""assay_test_type"": null, ""assay_tissue"": null, ""assay_type"": ""F"", ""assay_type_description"": ""Functional"", ""bao_format"": ""BAO_0000218"", ""bao_format_iri"": ""https://purl.obolibrary.org/obo/BAO_0000218"", ""bao_format_mapping_status"": ""mapped"", ""bao_label"": ""organism-based format"", ""bao_ontology_version"": ""2.8.18a"", ""cell_id"": null, ""confidence_description"": ""Direct single protein target assigned"", ""confidence_score"": 9.0, ""content_hash"": ""6286d61a97be0767e5f7bdd02bbd6fcb067b8701d6608169474ed3b32a633552"", ""entity_id"": ""chembl:CHEMBL672648"", ""publication_id"": ""CHEMBL1124588"", ""relationship_description"": ""Direct protein target assigned"", ""relationship_type"": ""D"", ""score"": null, ""src_assay_id"": null, ""src_id"": 1, ""target_id"": ""CHEMBL339"", ""tissue_id"": null, ""variant_accession"": null, ""variant_isoform"": null, ""variant_mutation"": null, ""variant_organism"": null, ""variant_sequence"": null, ""variant_sequence_json"": null, ""variant_taxonomy_id"": null}"
"3bf6db82-1d82-4fc5-86a4-7c61010ea480","chembl_assay","chembl_assay","chembl","gold","517","CHEMBL1124766","chembl:CHEMBL673286","32a5bc259072f7031db6980d0b7ad22386e9ddfd387441858257a4329c8c6ddd","98e24a4553d80da4daf8311b17ab3af510a4e724bd1bb8991cb322d42c30116d","32a5bc259072f7031db6980d0b7ad22386e9ddfd387441858257a4329c8c6ddd","rejected","SEMANTIC_FILTER_EXCLUDED","Gold semantic filter excluded the record.","","gold","","","","filter","2026-06-02T16:14:45.345476+00:00","{""aidx"": ""CLD0"", ""assay_category"": null, ""assay_cell_type"": null, ""assay_chembl_id"": ""CHEMBL673286"", ""assay_classifications"": [{""assay_class_id"": 443, ""bao_id"": null, ""class_type"": ""In vivo efficacy"", ""l1"": ""NERVOUS SYSTEM"", ""l2"": ""Neuroleptic Activity"", ""l3"": ""Inhibition of Apomorphine Induced Emesis in the Dog"", ""source"": ""Hock_2016""}], ""assay_group"": null, ""assay_organism"": ""Canis lupus familiaris"", ""assay_parameters"": [{""active"": 1, ""comments"": null, ""relation"": ""="", ""standard_relation"": ""="", ""standard_text_value"": null, ""standard_type"": ""DOSE"", ""standard_type_fixed"": 0, ""standard_units"": ""mg.kg-1"", ""standard_value"": ""3.0"", ""text_value"": null, ""type"": ""DOSE"", ""units"": ""mg/kg"", ""value"": ""3.0""}, {""active"": 1, ""comments"": null, ""relation"": null, ""standard_relation"": null, ""standard_text_value"": ""Oral"", ""standard_type"": ""ROUTE"", ""standard_type_fixed"": 0, ""standard_units"": null, ""standard_value"": null, ""text_value"": ""Oral"", ""type"": ""ROUTE"", ""units"": null, ""value"": null}], ""assay_strain"": null, ""assay_subcellular_fraction"": null, ""assay_tax_id"": 9615, ""assay_test_type"": null, ""assay_tissue"": null, ""assay_type"": ""F"", ""assay_type_description"": ""Functional"", ""bao_format"": ""BAO_0000218"", ""bao_label"": ""organism-based format"", ""cell_chembl_id"": null, ""confidence_description"": ""Direct single protein target assigned"", ""confidence_score"": 9, ""description"": ""Evaluated for the dopamine D2 receptor antagonistic activity (antagonism of apomorphine-induced emesis in dogs) at a dose of 3.0 mg/kg administered perorally"", ""document_chembl_id"": ""CHEMBL1124766"", ""relationship_description"": ""Direct protein target assigned"", ""relationship_type"": ""D"", ""src_assay_id"": null, ""src_id"": 1, ""target_chembl_id"": ""CHEMBL2703"", ""tissue_chembl_id"": null, ""variant_sequence"": null}","{""_dq_error"": false, ""_dq_warn"": false, ""_index"": 517, ""_ingestion_ts"": ""2026-06-02T16:14:42.785157+00:00"", ""_run_id"": ""3bf6db82-1d82-4fc5-86a4-7c61010ea480"", ""_run_type"": ""backfill"", ""_source_batch_id"": ""4bdd2090-423d-4584-92ed-f6dc28ab650a"", ""aidx"": ""CLD0"", ""assay_category"": null, ""assay_cell_type"": null, ""assay_classifications"": ""{\""assay_class_id\"":443,\""bao_id\"":null,\""class_type\"":\""In vivo efficacy\"",\""l1\"":\""NERVOUS SYSTEM\"",\""l2\"":\""Neuroleptic Activity\"",\""l3\"":\""Inhibition of Apomorphine Induced Emesis in the Dog\"",\""source\"":\""Hock_2016\""}"", ""assay_description"": ""Evaluated for the dopamine D2 receptor antagonistic activity (antagonism of apomorphine-induced emesis in dogs) at a dose of 3.0 mg/kg administered perorally"", ""assay_group"": null, ""assay_id"": ""CHEMBL673286"", ""assay_organism"": ""Canis lupus familiaris"", ""assay_parameters"": ""[{\""active\"":1,\""comments\"":null,\""relation\"":\""=\"",\""standard_relation\"":\""=\"",\""standard_text_value\"":null,\""standard_type\"":\""DOSE\"",\""standard_type_fixed\"":0,\""standard_units\"":\""mg.kg-1\"",\""standard_value\"":\""3.0\"",\""text_value\"":null,\""type\"":\""DOSE\"",\""units\"":\""mg/kg\"",\""value\"":\""3.0\""},{\""active\"":1,\""comments\"":null,\""relation\"":null,\""standard_relation\"":null,\""standard_text_value\"":\""Oral\"",\""standard_type\"":\""ROUTE\"",\""standard_type_fixed\"":0,\""standard_units\"":null,\""standard_value\"":null,\""text_value\"":\""Oral\"",\""type\"":\""ROUTE\"",\""units\"":null,\""value\"":null}]"", ""assay_pref_name"": null, ""assay_strain"": null, ""assay_subcellular_fraction"": null, ""assay_subcellular_fraction_raw"": null, ""assay_taxonomy_id"": 9615, ""assay_test_type"": null, ""assay_tissue"": null, ""assay_type"": ""F"", ""assay_type_description"": ""Functional"", ""bao_format"": ""BAO_0000218"", ""bao_format_iri"": ""https://purl.obolibrary.org/obo/BAO_0000218"", ""bao_format_mapping_status"": ""mapped"", ""bao_label"": ""organism-based format"", ""bao_ontology_version"": ""2.8.18a"", ""cell_id"": null, ""confidence_description"": ""Direct single protein target assigned"", ""confidence_score"": 9.0, ""content_hash"": ""32a5bc259072f7031db6980d0b7ad22386e9ddfd387441858257a4329c8c6ddd"", ""entity_id"": ""chembl:CHEMBL673286"", ""publication_id"": ""CHEMBL1124766"", ""relationship_description"": ""Direct protein target assigned"", ""relationship_type"": ""D"", ""score"": null, ""src_assay_id"": null, ""src_id"": 1, ""target_id"": ""CHEMBL2703"", ""tissue_id"": null, ""variant_accession"": null, ""variant_isoform"": null, ""variant_mutation"": null, ""variant_organism"": null, ""variant_sequence"": null, ""variant_sequence_json"": null, ""variant_taxonomy_id"": null}"
"3bf6db82-1d82-4fc5-86a4-7c61010ea480","chembl_assay","chembl_assay","chembl","gold","580","CHEMBL1124766","chembl:CHEMBL674240","48580ffb15945149832417b777c4049b4b570a8480e269a5dabd8f8c41a31557","7f67cda6c4d0e19f92218ee078f2a225a6f05182fc54ab2912ab018cfd9b31c7","48580ffb15945149832417b777c4049b4b570a8480e269a5dabd8f8c41a31557","rejected","SEMANTIC_FILTER_EXCLUDED","Gold semantic filter excluded the record.","","gold","","","","filter","2026-06-02T16:14:45.398884+00:00","{""aidx"": ""CLD0"", ""assay_category"": null, ""assay_cell_type"": null, ""assay_chembl_id"": ""CHEMBL674240"", ""assay_classifications"": [{""assay_class_id"": 443, ""bao_id"": null, ""class_type"": ""In vivo efficacy"", ""l1"": ""NERVOUS SYSTEM"", ""l2"": ""Neuroleptic Activity"", ""l3"": ""Inhibition of Apomorphine Induced Emesis in the Dog"", ""source"": ""Hock_2016""}], ""assay_group"": null, ""assay_organism"": ""Canis lupus familiaris"", ""assay_parameters"": [{""active"": 1, ""comments"": null, ""relation"": ""="", ""standard_relation"": ""="", ""standard_text_value"": null, ""standard_type"": ""DOSE"", ""standard_type_fixed"": 0, ""standard_units"": ""mg.kg-1"", ""standard_value"": ""3.0"", ""text_value"": null, ""type"": ""DOSE"", ""units"": ""mg/kg"", ""value"": ""3.0""}, {""active"": 1, ""comments"": null, ""relation"": null, ""standard_relation"": null, ""standard_text_value"": ""Oral"", ""standard_type"": ""ROUTE"", ""standard_type_fixed"": 0, ""standard_units"": null, ""standard_value"": null, ""text_value"": ""Oral"", ""type"": ""ROUTE"", ""units"": null, ""value"": null}], ""assay_strain"": null, ""assay_subcellular_fraction"": null, ""assay_tax_id"": 9615, ""assay_test_type"": null, ""assay_tissue"": null, ""assay_type"": ""F"", ""assay_type_description"": ""Functional"", ""bao_format"": ""BAO_0000218"", ""bao_label"": ""organism-based format"", ""cell_chembl_id"": null, ""confidence_description"": ""Direct single protein target assigned"", ""confidence_score"": 9, ""description"": ""Evaluated for the dopamine D2 receptor antagonistic activity (antagonism of the apomorphine-induced emesis in dogs) at a dose of 3.0 mg/kg administered perorally (po)."", ""document_chembl_id"": ""CHEMBL1124766"", ""relationship_description"": ""Direct protein target assigned"", ""relationship_type"": ""D"", ""src_assay_id"": null, ""src_id"": 1, ""target_chembl_id"": ""CHEMBL2703"", ""tissue_chembl_id"": null, ""variant_sequence"": null}","{""_dq_error"": false, ""_dq_warn"": false, ""_index"": 580, ""_ingestion_ts"": ""2026-06-02T16:14:42.785157+00:00"", ""_run_id"": ""3bf6db82-1d82-4fc5-86a4-7c61010ea480"", ""_run_type"": ""backfill"", ""_source_batch_id"": ""4bdd2090-423d-4584-92ed-f6dc28ab650a"", ""aidx"": ""CLD0"", ""assay_category"": null, ""assay_cell_type"": null, ""assay_classifications"": ""{\""assay_class_id\"":443,\""bao_id\"":null,\""class_type\"":\""In vivo efficacy\"",\""l1\"":\""NERVOUS SYSTEM\"",\""l2\"":\""Neuroleptic Activity\"",\""l3\"":\""Inhibition of Apomorphine Induced Emesis in the Dog\"",\""source\"":\""Hock_2016\""}"", ""assay_description"": ""Evaluated for the dopamine D2 receptor antagonistic activity (antagonism of the apomorphine-induced emesis in dogs) at a dose of 3.0 mg/kg administered perorally (po)."", ""assay_group"": null, ""assay_id"": ""CHEMBL674240"", ""assay_organism"": ""Canis lupus familiaris"", ""assay_parameters"": ""[{\""active\"":1,\""comments\"":null,\""relation\"":\""=\"",\""standard_relation\"":\""=\"",\""standard_text_value\"":null,\""standard_type\"":\""DOSE\"",\""standard_type_fixed\"":0,\""standard_units\"":\""mg.kg-1\"",\""standard_value\"":\""3.0\"",\""text_value\"":null,\""type\"":\""DOSE\"",\""units\"":\""mg/kg\"",\""value\"":\""3.0\""},{\""active\"":1,\""comments\"":null,\""relation\"":null,\""standard_relation\"":null,\""standard_text_value\"":\""Oral\"",\""standard_type\"":\""ROUTE\"",\""standard_type_fixed\"":0,\""standard_units\"":null,\""standard_value\"":null,\""text_value\"":\""Oral\"",\""type\"":\""ROUTE\"",\""units\"":null,\""value\"":null}]"", ""assay_pref_name"": null, ""assay_strain"": null, ""assay_subcellular_fraction"": null, ""assay_subcellular_fraction_raw"": null, ""assay_taxonomy_id"": 9615, ""assay_test_type"": null, ""assay_tissue"": null, ""assay_type"": ""F"", ""assay_type_description"": ""Functional"", ""bao_format"": ""BAO_0000218"", ""bao_format_iri"": ""https://purl.obolibrary.org/obo/BAO_0000218"", ""bao_format_mapping_status"": ""mapped"", ""bao_label"": ""organism-based format"", ""bao_ontology_version"": ""2.8.18a"", ""cell_id"": null, ""confidence_description"": ""Direct single protein target assigned"", ""confidence_score"": 9.0, ""content_hash"": ""48580ffb15945149832417b777c4049b4b570a8480e269a5dabd8f8c41a31557"", ""entity_id"": ""chembl:CHEMBL674240"", ""publication_id"": ""CHEMBL1124766"", ""relationship_description"": ""Direct protein target assigned"", ""relationship_type"": ""D"", ""score"": null, ""src_assay_id"": null, ""src_id"": 1, ""target_id"": ""CHEMBL2703"", ""tissue_id"": null, ""variant_accession"": null, ""variant_isoform"": null, ""variant_mutation"": null, ""variant_organism"": null, ""variant_sequence"": null, ""variant_sequence_json"": null, ""variant_taxonomy_id"": null}"
"3bf6db82-1d82-4fc5-86a4-7c61010ea480","chembl_assay","chembl_assay","chembl","gold","623","CHEMBL1129812","chembl:CHEMBL675507","a0a4aae548abbba763d45fe9b0c95ff5250035fddb7f1fe5c7858b476df27ceb","eb4f05106a216c81ceb79b68cf39fa1e7ecdf8fc98852ec66546017e099ab385","a0a4aae548abbba763d45fe9b0c95ff5250035fddb7f1fe5c7858b476df27ceb","rejected","SEMANTIC_FILTER_EXCLUDED","Gold semantic filter excluded the record.","","gold","","","","filter","2026-06-02T16:14:45.435093+00:00","{""aidx"": ""CLD0"", ""assay_category"": null, ""assay_cell_type"": null, ""assay_chembl_id"": ""CHEMBL675507"", ""assay_classifications"": [{""assay_class_id"": 276, ""bao_id"": null, ""class_type"": ""In vivo efficacy"", ""l1"": ""GENITO URINARY SYSTEM AND SEX HORMONES"", ""l2"": ""Ovarian Hormones"", ""l3"": ""General Estrogen or Progestogen Activity"", ""source"": ""phenotype""}], ""assay_group"": null, ""assay_organism"": ""Rattus norvegicus"", ""assay_parameters"": [], ""assay_strain"": null, ""assay_subcellular_fraction"": null, ""assay_tax_id"": 10116, ""assay_test_type"": null, ""assay_tissue"": null, ""assay_type"": ""B"", ""assay_type_description"": ""Binding"", ""bao_format"": ""BAO_0000218"", ""bao_label"": ""organism-based format"", ""cell_chembl_id"": null, ""confidence_description"": ""Direct single protein target assigned"", ""confidence_score"": 9, ""description"": ""In vivo inhibition of rat liver Estrone sulfatase 1 (E1-STS) by oral or subcutaneous dose; Almost complete inhibition"", ""document_chembl_id"": ""CHEMBL1129812"", ""relationship_description"": ""Direct protein target assigned"", ""relationship_type"": ""D"", ""src_assay_id"": null, ""src_id"": 1, ""target_chembl_id"": ""CHEMBL3531"", ""tissue_chembl_id"": null, ""variant_sequence"": null}","{""_dq_error"": false, ""_dq_warn"": false, ""_index"": 623, ""_ingestion_ts"": ""2026-06-02T16:14:42.785157+00:00"", ""_run_id"": ""3bf6db82-1d82-4fc5-86a4-7c61010ea480"", ""_run_type"": ""backfill"", ""_source_batch_id"": ""4bdd2090-423d-4584-92ed-f6dc28ab650a"", ""aidx"": ""CLD0"", ""assay_category"": null, ""assay_cell_type"": null, ""assay_classifications"": ""{\""assay_class_id\"":276,\""bao_id\"":null,\""class_type\"":\""In vivo efficacy\"",\""l1\"":\""GENITO URINARY SYSTEM AND SEX HORMONES\"",\""l2\"":\""Ovarian Hormones\"",\""l3\"":\""General Estrogen or Progestogen Activity\"",\""source\"":\""phenotype\""}"", ""assay_description"": ""In vivo inhibition of rat liver Estrone sulfatase 1 (E1-STS) by oral or subcutaneous dose; Almost complete inhibition"", ""assay_group"": null, ""assay_id"": ""CHEMBL675507"", ""assay_organism"": ""Rattus norvegicus"", ""assay_parameters"": null, ""assay_pref_name"": null, ""assay_strain"": null, ""assay_subcellular_fraction"": null, ""assay_subcellular_fraction_raw"": null, ""assay_taxonomy_id"": 10116, ""assay_test_type"": null, ""assay_tissue"": null, ""assay_type"": ""B"", ""assay_type_description"": ""Binding"", ""bao_format"": ""BAO_0000218"", ""bao_format_iri"": ""https://purl.obolibrary.org/obo/BAO_0000218"", ""bao_format_mapping_status"": ""mapped"", ""bao_label"": ""organism-based format"", ""bao_ontology_version"": ""2.8.18a"", ""cell_id"": null, ""confidence_description"": ""Direct single protein target assigned"", ""confidence_score"": 9.0, ""content_hash"": ""a0a4aae548abbba763d45fe9b0c95ff5250035fddb7f1fe5c7858b476df27ceb"", ""entity_id"": ""chembl:CHEMBL675507"", ""publication_id"": ""CHEMBL1129812"", ""relationship_description"": ""Direct protein target assigned"", ""relationship_type"": ""D"", ""score"": null, ""src_assay_id"": null, ""src_id"": 1, ""target_id"": ""CHEMBL3531"", ""tissue_id"": null, ""variant_accession"": null, ""variant_isoform"": null, ""variant_mutation"": null, ""variant_organism"": null, ""variant_sequence"": null, ""variant_sequence_json"": null, ""variant_taxonomy_id"": null}"
"3bf6db82-1d82-4fc5-86a4-7c61010ea480","chembl_assay","chembl_assay","chembl","gold","829","CHEMBL1144999","chembl:CHEMBL678747","7f1b79f765be985e263ee328f44fad206bda65fd015f2dae282fb27bb7e580b7","77aeaeda903b0ab56c462554e0b09f212a34295cb9a96096d1ae218c282072ba","7f1b79f765be985e263ee328f44fad206bda65fd015f2dae282fb27bb7e580b7","rejected","SEMANTIC_FILTER_EXCLUDED","Gold semantic filter excluded the record.","","gold","","","","filter","2026-06-02T16:14:45.668305+00:00","{""aidx"": ""CLD0"", ""assay_category"": null, ""assay_cell_type"": null, ""assay_chembl_id"": ""CHEMBL678747"", ""assay_classifications"": [], ""assay_group"": null, ""assay_organism"": ""Mus musculus"", ""assay_parameters"": [{""active"": 1, ""comments"": null, ""relation"": ""="", ""standard_relation"": ""="", ""standard_text_value"": null, ""standard_type"": ""DOSE"", ""standard_type_fixed"": 0, ""standard_units"": ""mg.kg-1"", ""standard_value"": ""3.0"", ""text_value"": null, ""type"": ""DOSE"", ""units"": ""mg/kg"", ""value"": ""3.0""}, {""active"": 1, ""comments"": null, ""relation"": null, ""standard_relation"": null, ""standard_text_value"": ""Intraperitoneal"", ""standard_type"": ""ROUTE"", ""standard_type_fixed"": 0, ""standard_units"": null, ""standard_value"": null, ""text_value"": ""Intraperitoneal"", ""type"": ""ROUTE"", ""units"": null, ""value"": null}], ""assay_strain"": null, ""assay_subcellular_fraction"": null, ""assay_tax_id"": 10090, ""assay_test_type"": null, ""assay_tissue"": null, ""assay_type"": ""B"", ""assay_type_description"": ""Binding"", ""bao_format"": ""BAO_0000218"", ""bao_label"": ""organism-based format"", ""cell_chembl_id"": null, ""confidence_description"": ""Direct single protein target assigned"", ""confidence_score"": 9, ""description"": ""In vivo [3H]L-655708 binding to mouse GABA-A receptor alpha-5 subunit at 3 mg/kg ip dose"", ""document_chembl_id"": ""CHEMBL1144999"", ""relationship_description"": ""Direct protein target assigned"", ""relationship_type"": ""D"", ""src_assay_id"": null, ""src_id"": 1, ""target_chembl_id"": ""CHEMBL2304"", ""tissue_chembl_id"": null, ""variant_sequence"": null}","{""_dq_error"": false, ""_dq_warn"": false, ""_index"": 829, ""_ingestion_ts"": ""2026-06-02T16:14:42.785157+00:00"", ""_run_id"": ""3bf6db82-1d82-4fc5-86a4-7c61010ea480"", ""_run_type"": ""backfill"", ""_source_batch_id"": ""4bdd2090-423d-4584-92ed-f6dc28ab650a"", ""aidx"": ""CLD0"", ""assay_category"": null, ""assay_cell_type"": null, ""assay_classifications"": null, ""assay_description"": ""In vivo [3H]L-655708 binding to mouse GABA-A receptor alpha-5 subunit at 3 mg/kg ip dose"", ""assay_group"": null, ""assay_id"": ""CHEMBL678747"", ""assay_organism"": ""Mus musculus"", ""assay_parameters"": ""[{\""active\"":1,\""comments\"":null,\""relation\"":\""=\"",\""standard_relation\"":\""=\"",\""standard_text_value\"":null,\""standard_type\"":\""DOSE\"",\""standard_type_fixed\"":0,\""standard_units\"":\""mg.kg-1\"",\""standard_value\"":\""3.0\"",\""text_value\"":null,\""type\"":\""DOSE\"",\""units\"":\""mg/kg\"",\""value\"":\""3.0\""},{\""active\"":1,\""comments\"":null,\""relation\"":null,\""standard_relation\"":null,\""standard_text_value\"":\""Intraperitoneal\"",\""standard_type\"":\""ROUTE\"",\""standard_type_fixed\"":0,\""standard_units\"":null,\""standard_value\"":null,\""text_value\"":\""Intraperitoneal\"",\""type\"":\""ROUTE\"",\""units\"":null,\""value\"":null}]"", ""assay_pref_name"": null, ""assay_strain"": null, ""assay_subcellular_fraction"": null, ""assay_subcellular_fraction_raw"": null, ""assay_taxonomy_id"": 10090, ""assay_test_type"": null, ""assay_tissue"": null, ""assay_type"": ""B"", ""assay_type_description"": ""Binding"", ""bao_format"": ""BAO_0000218"", ""bao_format_iri"": ""https://purl.obolibrary.org/obo/BAO_0000218"", ""bao_format_mapping_status"": ""mapped"", ""bao_label"": ""organism-based format"", ""bao_ontology_version"": ""2.8.18a"", ""cell_id"": null, ""confidence_description"": ""Direct single protein target assigned"", ""confidence_score"": 9.0, ""content_hash"": ""7f1b79f765be985e263ee328f44fad206bda65fd015f2dae282fb27bb7e580b7"", ""entity_id"": ""chembl:CHEMBL678747"", ""publication_id"": ""CHEMBL1144999"", ""relationship_description"": ""Direct protein target assigned"", ""relationship_type"": ""D"", ""score"": null, ""src_assay_id"": null, ""src_id"": 1, ""target_id"": ""CHEMBL2304"", ""tissue_id"": null, ""variant_accession"": null, ""variant_isoform"": null, ""variant_mutation"": null, ""variant_organism"": null, ""variant_sequence"": null, ""variant_sequence_json"": null, ""variant_taxonomy_id"": null}"
"3bf6db82-1d82-4fc5-86a4-7c61010ea480","chembl_assay","chembl_assay","chembl","gold","982","CHEMBL1132331","chembl:CHEMBL877701","c12489f231530cc6a468041d6e865488e27006194a14973e959b67c0c647c913","a97a5dfefdb2a46d2a9a7742588ded806ff282f5c5fe7e04ed8c380155225d57","c12489f231530cc6a468041d6e865488e27006194a14973e959b67c0c647c913","rejected","SEMANTIC_FILTER_EXCLUDED","Gold semantic filter excluded the record.","","gold","","","","filter","2026-06-02T16:14:45.852670+00:00","{""aidx"": ""CLD0"", ""assay_category"": null, ""assay_cell_type"": null, ""assay_chembl_id"": ""CHEMBL877701"", ""assay_classifications"": [{""assay_class_id"": 276, ""bao_id"": null, ""class_type"": ""In vivo efficacy"", ""l1"": ""GENITO URINARY SYSTEM AND SEX HORMONES"", ""l2"": ""Ovarian Hormones"", ""l3"": ""General Estrogen or Progestogen Activity"", ""source"": ""phenotype""}], ""assay_group"": null, ""assay_organism"": ""Rattus norvegicus"", ""assay_parameters"": [], ""assay_strain"": null, ""assay_subcellular_fraction"": null, ""assay_tax_id"": 10116, ""assay_test_type"": null, ""assay_tissue"": null, ""assay_type"": ""B"", ""assay_type_description"": ""Binding"", ""bao_format"": ""BAO_0000218"", ""bao_label"": ""organism-based format"", ""cell_chembl_id"": null, ""confidence_description"": ""Direct single protein target assigned"", ""confidence_score"": 9, ""description"": ""In vivo inhibition of estrone sulfatase in rat liver after oral administration"", ""document_chembl_id"": ""CHEMBL1132331"", ""relationship_description"": ""Direct protein target assigned"", ""relationship_type"": ""D"", ""src_assay_id"": null, ""src_id"": 1, ""target_chembl_id"": ""CHEMBL3531"", ""tissue_chembl_id"": null, ""variant_sequence"": null}","{""_dq_error"": false, ""_dq_warn"": false, ""_index"": 982, ""_ingestion_ts"": ""2026-06-02T16:14:42.785157+00:00"", ""_run_id"": ""3bf6db82-1d82-4fc5-86a4-7c61010ea480"", ""_run_type"": ""backfill"", ""_source_batch_id"": ""4bdd2090-423d-4584-92ed-f6dc28ab650a"", ""aidx"": ""CLD0"", ""assay_category"": null, ""assay_cell_type"": null, ""assay_classifications"": ""{\""assay_class_id\"":276,\""bao_id\"":null,\""class_type\"":\""In vivo efficacy\"",\""l1\"":\""GENITO URINARY SYSTEM AND SEX HORMONES\"",\""l2\"":\""Ovarian Hormones\"",\""l3\"":\""General Estrogen or Progestogen Activity\"",\""source\"":\""phenotype\""}"", ""assay_description"": ""In vivo inhibition of estrone sulfatase in rat liver after oral administration"", ""assay_group"": null, ""assay_id"": ""CHEMBL877701"", ""assay_organism"": ""Rattus norvegicus"", ""assay_parameters"": null, ""assay_pref_name"": null, ""assay_strain"": null, ""assay_subcellular_fraction"": null, ""assay_subcellular_fraction_raw"": null, ""assay_taxonomy_id"": 10116, ""assay_test_type"": null, ""assay_tissue"": null, ""assay_type"": ""B"", ""assay_type_description"": ""Binding"", ""bao_format"": ""BAO_0000218"", ""bao_format_iri"": ""https://purl.obolibrary.org/obo/BAO_0000218"", ""bao_format_mapping_status"": ""mapped"", ""bao_label"": ""organism-based format"", ""bao_ontology_version"": ""2.8.18a"", ""cell_id"": null, ""confidence_description"": ""Direct single protein target assigned"", ""confidence_score"": 9.0, ""content_hash"": ""c12489f231530cc6a468041d6e865488e27006194a14973e959b67c0c647c913"", ""entity_id"": ""chembl:CHEMBL877701"", ""publication_id"": ""CHEMBL1132331"", ""relationship_description"": ""Direct protein target assigned"", ""relationship_type"": ""D"", ""score"": null, ""src_assay_id"": null, ""src_id"": 1, ""target_id"": ""CHEMBL3531"", ""tissue_id"": null, ""variant_accession"": null, ""variant_isoform"": null, ""variant_mutation"": null, ""variant_organism"": null, ""variant_sequence"": null, ""variant_sequence_json"": null, ""variant_taxonomy_id"": null}"
