path,line,reference,type,pin,status
".github/actions/architecture-governance-cache/action.yml","65","actions/cache/restore@27d5ce7f107fe9357f9df03efb73ab90386fccae","external","27d5ce7f107fe9357f9df03efb73ab90386fccae","PASS"
".github/actions/architecture-governance-cache/action.yml","74","actions/cache/save@27d5ce7f107fe9357f9df03efb73ab90386fccae","external","27d5ce7f107fe9357f9df03efb73ab90386fccae","PASS"
".github/actions/setup-mermaid/action.yml","21","actions/setup-node@48b55a011bda9f5d6aeb4c2d9c7362e8dae4041e","external","48b55a011bda9f5d6aeb4c2d9c7362e8dae4041e","PASS"
".github/actions/setup-python-uv/action.yml","38","actions/setup-python@a309ff8b426b58ec0e2a45f0f869d46889d02405","external","a309ff8b426b58ec0e2a45f0f869d46889d02405","PASS"
".github/actions/setup-python-uv/action.yml","44","astral-sh/setup-uv@37802adc94f370d6bfd71619e3f0bf239e1f3b78","external","37802adc94f370d6bfd71619e3f0bf239e1f3b78","PASS"
".github/actions/setup-python-uv/action.yml","68","actions/cache@27d5ce7f107fe9357f9df03efb73ab90386fccae","external","27d5ce7f107fe9357f9df03efb73ab90386fccae","PASS"
".github/actions/setup-python-uv/action.yml","118","actions/cache@27d5ce7f107fe9357f9df03efb73ab90386fccae","external","27d5ce7f107fe9357f9df03efb73ab90386fccae","PASS"
".github/workflows/architecture-docs-nightly.yml","21","actions/checkout@3d3c42e5aac5ba805825da76410c181273ba90b1","external","3d3c42e5aac5ba805825da76410c181273ba90b1","PASS"
".github/workflows/architecture-docs-nightly.yml","24","./.github/actions/setup-python-uv","local","repository-owned","PASS"
".github/workflows/architecture-docs-nightly.yml","65","actions/upload-artifact@043fb46d1a93c77aae656e7c1c64a875d1fc6a0a","external","043fb46d1a93c77aae656e7c1c64a875d1fc6a0a","PASS"
".github/workflows/architecture.yml","35","actions/checkout@3d3c42e5aac5ba805825da76410c181273ba90b1","external","3d3c42e5aac5ba805825da76410c181273ba90b1","PASS"
".github/workflows/architecture.yml","38","./.github/actions/setup-python-uv","local","repository-owned","PASS"
".github/workflows/architecture.yml","57","actions/checkout@3d3c42e5aac5ba805825da76410c181273ba90b1","external","3d3c42e5aac5ba805825da76410c181273ba90b1","PASS"
".github/workflows/architecture.yml","60","./.github/actions/setup-python-uv","local","repository-owned","PASS"
".github/workflows/architecture.yml","86","actions/checkout@3d3c42e5aac5ba805825da76410c181273ba90b1","external","3d3c42e5aac5ba805825da76410c181273ba90b1","PASS"
".github/workflows/architecture.yml","89","./.github/actions/setup-python-uv","local","repository-owned","PASS"
".github/workflows/branch-hygiene.yml","41","actions/checkout@3d3c42e5aac5ba805825da76410c181273ba90b1","external","3d3c42e5aac5ba805825da76410c181273ba90b1","PASS"
".github/workflows/branch-hygiene.yml","45","./.github/actions/setup-python-uv","local","repository-owned","PASS"
".github/workflows/branch-hygiene.yml","54","actions/upload-artifact@043fb46d1a93c77aae656e7c1c64a875d1fc6a0a","external","043fb46d1a93c77aae656e7c1c64a875d1fc6a0a","PASS"
".github/workflows/chembl-baseline-smoke.yml","77","actions/checkout@3d3c42e5aac5ba805825da76410c181273ba90b1","external","3d3c42e5aac5ba805825da76410c181273ba90b1","PASS"
".github/workflows/chembl-baseline-smoke.yml","80","./.github/actions/setup-python-uv","local","repository-owned","PASS"
".github/workflows/chembl-baseline-smoke.yml","102","actions/upload-artifact@043fb46d1a93c77aae656e7c1c64a875d1fc6a0a","external","043fb46d1a93c77aae656e7c1c64a875d1fc6a0a","PASS"
".github/workflows/chembl-baseline-smoke.yml","125","actions/checkout@3d3c42e5aac5ba805825da76410c181273ba90b1","external","3d3c42e5aac5ba805825da76410c181273ba90b1","PASS"
".github/workflows/chembl-baseline-smoke.yml","128","./.github/actions/setup-python-uv","local","repository-owned","PASS"
".github/workflows/chembl-baseline-smoke.yml","142","actions/upload-artifact@043fb46d1a93c77aae656e7c1c64a875d1fc6a0a","external","043fb46d1a93c77aae656e7c1c64a875d1fc6a0a","PASS"
".github/workflows/chembl-baseline-smoke.yml","164","actions/checkout@3d3c42e5aac5ba805825da76410c181273ba90b1","external","3d3c42e5aac5ba805825da76410c181273ba90b1","PASS"
".github/workflows/chembl-baseline-smoke.yml","167","./.github/actions/setup-python-uv","local","repository-owned","PASS"
".github/workflows/chembl-baseline-smoke.yml","183","actions/upload-artifact@043fb46d1a93c77aae656e7c1c64a875d1fc6a0a","external","043fb46d1a93c77aae656e7c1c64a875d1fc6a0a","PASS"
".github/workflows/codeql.yml","37","actions/checkout@3d3c42e5aac5ba805825da76410c181273ba90b1","external","3d3c42e5aac5ba805825da76410c181273ba90b1","PASS"
".github/workflows/codeql.yml","42","github/codeql-action/init@cdf488f595d80d6e07e03d4674febd5ab45fa938","external","cdf488f595d80d6e07e03d4674febd5ab45fa938","PASS"
".github/workflows/codeql.yml","48","github/codeql-action/analyze@cdf488f595d80d6e07e03d4674febd5ab45fa938","external","cdf488f595d80d6e07e03d4674febd5ab45fa938","PASS"
".github/workflows/coderabbit.yml","27","actions/checkout@3d3c42e5aac5ba805825da76410c181273ba90b1","external","3d3c42e5aac5ba805825da76410c181273ba90b1","PASS"
".github/workflows/commit-lint.yml","25","actions/checkout@3d3c42e5aac5ba805825da76410c181273ba90b1","external","3d3c42e5aac5ba805825da76410c181273ba90b1","PASS"
".github/workflows/commit-lint.yml","28","wagoid/commitlint-github-action@f133a0d95090ef2609192b4a21f54e20af819ea9","external","f133a0d95090ef2609192b4a21f54e20af819ea9","PASS"
".github/workflows/compiled-artifacts-block.yml","32","actions/checkout@3d3c42e5aac5ba805825da76410c181273ba90b1","external","3d3c42e5aac5ba805825da76410c181273ba90b1","PASS"
".github/workflows/compiled-artifacts-block.yml","35","./.github/actions/setup-python-uv","local","repository-owned","PASS"
".github/workflows/consolidation-gates.yml","31","actions/checkout@3d3c42e5aac5ba805825da76410c181273ba90b1","external","3d3c42e5aac5ba805825da76410c181273ba90b1","PASS"
".github/workflows/consolidation-gates.yml","34","./.github/actions/setup-python-uv","local","repository-owned","PASS"
".github/workflows/consolidation-gates.yml","96","actions/upload-artifact@043fb46d1a93c77aae656e7c1c64a875d1fc6a0a","external","043fb46d1a93c77aae656e7c1c64a875d1fc6a0a","PASS"
".github/workflows/contract-governance-fast-check.yml","57","actions/checkout@3d3c42e5aac5ba805825da76410c181273ba90b1","external","3d3c42e5aac5ba805825da76410c181273ba90b1","PASS"
".github/workflows/contract-governance-fast-check.yml","63","./.github/actions/setup-python-uv","local","repository-owned","PASS"
".github/workflows/contract-governance-fast-check.yml","227","actions/upload-artifact@043fb46d1a93c77aae656e7c1c64a875d1fc6a0a","external","043fb46d1a93c77aae656e7c1c64a875d1fc6a0a","PASS"
".github/workflows/contract-tests.yml","49","actions/checkout@3d3c42e5aac5ba805825da76410c181273ba90b1","external","3d3c42e5aac5ba805825da76410c181273ba90b1","PASS"
".github/workflows/contract-tests.yml","52","./.github/actions/setup-python-uv","local","repository-owned","PASS"
".github/workflows/contract-tests.yml","92","actions/upload-artifact@043fb46d1a93c77aae656e7c1c64a875d1fc6a0a","external","043fb46d1a93c77aae656e7c1c64a875d1fc6a0a","PASS"
".github/workflows/contract-tests.yml","101","actions/github-script@f28e40c7f34bde8b3046d885e986cb6290c5673b","external","f28e40c7f34bde8b3046d885e986cb6290c5673b","PASS"
".github/workflows/dashboard-first-window-noscroll.yml","24","actions/checkout@3d3c42e5aac5ba805825da76410c181273ba90b1","external","3d3c42e5aac5ba805825da76410c181273ba90b1","PASS"
".github/workflows/dashboard-first-window-noscroll.yml","27","./.github/actions/setup-python-uv","local","repository-owned","PASS"
".github/workflows/dashboard-render-host.yml","30","actions/checkout@3d3c42e5aac5ba805825da76410c181273ba90b1","external","3d3c42e5aac5ba805825da76410c181273ba90b1","PASS"
".github/workflows/dashboard-render-host.yml","35","./.github/actions/setup-python-uv","local","repository-owned","PASS"
".github/workflows/dashboard-render-host.yml","55","actions/upload-artifact@043fb46d1a93c77aae656e7c1c64a875d1fc6a0a","external","043fb46d1a93c77aae656e7c1c64a875d1fc6a0a","PASS"
".github/workflows/dashboard-render-host.yml","64","actions/upload-artifact@043fb46d1a93c77aae656e7c1c64a875d1fc6a0a","external","043fb46d1a93c77aae656e7c1c64a875d1fc6a0a","PASS"
".github/workflows/dashboard-render-host.yml","75","actions/upload-artifact@043fb46d1a93c77aae656e7c1c64a875d1fc6a0a","external","043fb46d1a93c77aae656e7c1c64a875d1fc6a0a","PASS"
".github/workflows/dependency-review.yml","26","actions/checkout@3d3c42e5aac5ba805825da76410c181273ba90b1","external","3d3c42e5aac5ba805825da76410c181273ba90b1","PASS"
".github/workflows/dependency-review.yml","31","actions/dependency-review-action@a1d282b36b6f3519aa1f3fc636f609c47dddb294","external","a1d282b36b6f3519aa1f3fc636f609c47dddb294","PASS"
".github/workflows/diagram-nightly.yml","23","actions/checkout@3d3c42e5aac5ba805825da76410c181273ba90b1","external","3d3c42e5aac5ba805825da76410c181273ba90b1","PASS"
".github/workflows/diagram-nightly.yml","26","actions/setup-python@5fda3b95a4ea91299a34e894583c3862153e4b97","external","5fda3b95a4ea91299a34e894583c3862153e4b97","PASS"
".github/workflows/diagram-nightly.yml","31","./.github/actions/setup-mermaid","local","repository-owned","PASS"
".github/workflows/diagram-nightly.yml","145","actions/upload-artifact@043fb46d1a93c77aae656e7c1c64a875d1fc6a0a","external","043fb46d1a93c77aae656e7c1c64a875d1fc6a0a","PASS"
".github/workflows/diagram-nightly.yml","191","actions/checkout@3d3c42e5aac5ba805825da76410c181273ba90b1","external","3d3c42e5aac5ba805825da76410c181273ba90b1","PASS"
".github/workflows/diagram-nightly.yml","194","actions/setup-python@5fda3b95a4ea91299a34e894583c3862153e4b97","external","5fda3b95a4ea91299a34e894583c3862153e4b97","PASS"
".github/workflows/diagram-nightly.yml","199","./.github/actions/setup-mermaid","local","repository-owned","PASS"
".github/workflows/diagram-nightly.yml","235","actions/upload-artifact@043fb46d1a93c77aae656e7c1c64a875d1fc6a0a","external","043fb46d1a93c77aae656e7c1c64a875d1fc6a0a","PASS"
".github/workflows/docker.yml","62","actions/checkout@3d3c42e5aac5ba805825da76410c181273ba90b1","external","3d3c42e5aac5ba805825da76410c181273ba90b1","PASS"
".github/workflows/docker.yml","67","./.github/actions/setup-python-uv","local","repository-owned","PASS"
".github/workflows/docker.yml","94","actions/checkout@3d3c42e5aac5ba805825da76410c181273ba90b1","external","3d3c42e5aac5ba805825da76410c181273ba90b1","PASS"
".github/workflows/docker.yml","97","hadolint/hadolint-action@2a66e89f53d0771bb131a7fa31f3136336094aa6","external","2a66e89f53d0771bb131a7fa31f3136336094aa6","PASS"
".github/workflows/docker.yml","110","actions/checkout@3d3c42e5aac5ba805825da76410c181273ba90b1","external","3d3c42e5aac5ba805825da76410c181273ba90b1","PASS"
".github/workflows/docker.yml","113","docker/setup-buildx-action@bb05f3f5519dd87d3ba754cc423b652a5edd6d2c","external","bb05f3f5519dd87d3ba754cc423b652a5edd6d2c","PASS"
".github/workflows/docker.yml","144","actions/checkout@3d3c42e5aac5ba805825da76410c181273ba90b1","external","3d3c42e5aac5ba805825da76410c181273ba90b1","PASS"
".github/workflows/docker.yml","149","docker/setup-buildx-action@bb05f3f5519dd87d3ba754cc423b652a5edd6d2c","external","bb05f3f5519dd87d3ba754cc423b652a5edd6d2c","PASS"
".github/workflows/docker.yml","152","docker/build-push-action@ca052bb54ab0790a636c9b5f226502c73d547a25","external","ca052bb54ab0790a636c9b5f226502c73d547a25","PASS"
".github/workflows/docker.yml","213","aquasecurity/trivy-action@ed142fd0673e97e23eac54620cfb913e5ce36c25","external","ed142fd0673e97e23eac54620cfb913e5ce36c25","PASS"
".github/workflows/docker.yml","224","aquasecurity/trivy-action@ed142fd0673e97e23eac54620cfb913e5ce36c25","external","ed142fd0673e97e23eac54620cfb913e5ce36c25","PASS"
".github/workflows/docker.yml","235","github/codeql-action/upload-sarif@cdf488f595d80d6e07e03d4674febd5ab45fa938","external","cdf488f595d80d6e07e03d4674febd5ab45fa938","PASS"
".github/workflows/docker.yml","241","anchore/sbom-action@e22c389904149dbc22b58101806040fa8d37a610","external","e22c389904149dbc22b58101806040fa8d37a610","PASS"
".github/workflows/docker.yml","265","aquasecurity/trivy-action@ed142fd0673e97e23eac54620cfb913e5ce36c25","external","ed142fd0673e97e23eac54620cfb913e5ce36c25","PASS"
".github/workflows/docker.yml","305","actions/upload-artifact@043fb46d1a93c77aae656e7c1c64a875d1fc6a0a","external","043fb46d1a93c77aae656e7c1c64a875d1fc6a0a","PASS"
".github/workflows/docker.yml","326","aquasecurity/trivy-action@ed142fd0673e97e23eac54620cfb913e5ce36c25","external","ed142fd0673e97e23eac54620cfb913e5ce36c25","PASS"
".github/workflows/docker.yml","336","aquasecurity/trivy-action@ed142fd0673e97e23eac54620cfb913e5ce36c25","external","ed142fd0673e97e23eac54620cfb913e5ce36c25","PASS"
".github/workflows/docker.yml","360","actions/upload-artifact@043fb46d1a93c77aae656e7c1c64a875d1fc6a0a","external","043fb46d1a93c77aae656e7c1c64a875d1fc6a0a","PASS"
".github/workflows/docker.yml","384","actions/download-artifact@3e5f45b2cfb9172054b4087a40e8e0b5a5461e7c","external","3e5f45b2cfb9172054b4087a40e8e0b5a5461e7c","PASS"
".github/workflows/docker.yml","400","docker/login-action@dbcb813823bdd20940b903addbd779551569679f","external","dbcb813823bdd20940b903addbd779551569679f","PASS"
".github/workflows/docker.yml","432","anchore/sbom-action@e22c389904149dbc22b58101806040fa8d37a610","external","e22c389904149dbc22b58101806040fa8d37a610","PASS"
".github/workflows/docs-kpi-weekly.yml","21","actions/checkout@3d3c42e5aac5ba805825da76410c181273ba90b1","external","3d3c42e5aac5ba805825da76410c181273ba90b1","PASS"
".github/workflows/docs-kpi-weekly.yml","24","./.github/actions/setup-python-uv","local","repository-owned","PASS"
".github/workflows/docs-kpi-weekly.yml","44","actions/upload-artifact@043fb46d1a93c77aae656e7c1c64a875d1fc6a0a","external","043fb46d1a93c77aae656e7c1c64a875d1fc6a0a","PASS"
".github/workflows/docs.yml","117","actions/checkout@3d3c42e5aac5ba805825da76410c181273ba90b1","external","3d3c42e5aac5ba805825da76410c181273ba90b1","PASS"
".github/workflows/docs.yml","125","./.github/actions/setup-python-uv","local","repository-owned","PASS"
".github/workflows/docs.yml","203","actions/checkout@3d3c42e5aac5ba805825da76410c181273ba90b1","external","3d3c42e5aac5ba805825da76410c181273ba90b1","PASS"
".github/workflows/docs.yml","208","./.github/actions/setup-python-uv","local","repository-owned","PASS"
".github/workflows/docs.yml","219","actions/upload-artifact@043fb46d1a93c77aae656e7c1c64a875d1fc6a0a","external","043fb46d1a93c77aae656e7c1c64a875d1fc6a0a","PASS"
".github/workflows/docs.yml","259","actions/checkout@3d3c42e5aac5ba805825da76410c181273ba90b1","external","3d3c42e5aac5ba805825da76410c181273ba90b1","PASS"
".github/workflows/docs.yml","320","actions/checkout@3d3c42e5aac5ba805825da76410c181273ba90b1","external","3d3c42e5aac5ba805825da76410c181273ba90b1","PASS"
".github/workflows/docs.yml","325","./.github/actions/setup-mermaid","local","repository-owned","PASS"
".github/workflows/docs.yml","347","actions/upload-artifact@043fb46d1a93c77aae656e7c1c64a875d1fc6a0a","external","043fb46d1a93c77aae656e7c1c64a875d1fc6a0a","PASS"
".github/workflows/docs.yml","364","actions/checkout@3d3c42e5aac5ba805825da76410c181273ba90b1","external","3d3c42e5aac5ba805825da76410c181273ba90b1","PASS"
".github/workflows/docs.yml","369","./.github/actions/setup-mermaid","local","repository-owned","PASS"
".github/workflows/docs.yml","391","actions/upload-artifact@043fb46d1a93c77aae656e7c1c64a875d1fc6a0a","external","043fb46d1a93c77aae656e7c1c64a875d1fc6a0a","PASS"
".github/workflows/docs.yml","407","actions/checkout@3d3c42e5aac5ba805825da76410c181273ba90b1","external","3d3c42e5aac5ba805825da76410c181273ba90b1","PASS"
".github/workflows/docs.yml","412","./.github/actions/setup-mermaid","local","repository-owned","PASS"
".github/workflows/docs.yml","453","actions/upload-artifact@043fb46d1a93c77aae656e7c1c64a875d1fc6a0a","external","043fb46d1a93c77aae656e7c1c64a875d1fc6a0a","PASS"
".github/workflows/docs.yml","461","actions/upload-artifact@043fb46d1a93c77aae656e7c1c64a875d1fc6a0a","external","043fb46d1a93c77aae656e7c1c64a875d1fc6a0a","PASS"
".github/workflows/docs.yml","469","actions/upload-artifact@043fb46d1a93c77aae656e7c1c64a875d1fc6a0a","external","043fb46d1a93c77aae656e7c1c64a875d1fc6a0a","PASS"
".github/workflows/docs.yml","497","actions/checkout@3d3c42e5aac5ba805825da76410c181273ba90b1","external","3d3c42e5aac5ba805825da76410c181273ba90b1","PASS"
".github/workflows/duplication-complexity.yml","35","actions/checkout@3d3c42e5aac5ba805825da76410c181273ba90b1","external","3d3c42e5aac5ba805825da76410c181273ba90b1","PASS"
".github/workflows/duplication-complexity.yml","38","./.github/actions/setup-python-uv","local","repository-owned","PASS"
".github/workflows/duplication-complexity.yml","149","actions/setup-node@249970729cb0ef3589644e2896645e5dc5ba9c38","external","249970729cb0ef3589644e2896645e5dc5ba9c38","PASS"
".github/workflows/duplication-complexity.yml","178","actions/upload-artifact@043fb46d1a93c77aae656e7c1c64a875d1fc6a0a","external","043fb46d1a93c77aae656e7c1c64a875d1fc6a0a","PASS"
".github/workflows/duplication-complexity.yml","197","actions/checkout@3d3c42e5aac5ba805825da76410c181273ba90b1","external","3d3c42e5aac5ba805825da76410c181273ba90b1","PASS"
".github/workflows/duplication-complexity.yml","200","./.github/actions/setup-python-uv","local","repository-owned","PASS"
".github/workflows/duplication-complexity.yml","214","actions/checkout@3d3c42e5aac5ba805825da76410c181273ba90b1","external","3d3c42e5aac5ba805825da76410c181273ba90b1","PASS"
".github/workflows/duplication-complexity.yml","217","./.github/actions/setup-python-uv","local","repository-owned","PASS"
".github/workflows/e2e-matrix-health.yml","44","actions/checkout@3d3c42e5aac5ba805825da76410c181273ba90b1","external","3d3c42e5aac5ba805825da76410c181273ba90b1","PASS"
".github/workflows/e2e-matrix-health.yml","50","./.github/actions/setup-python-uv","local","repository-owned","PASS"
".github/workflows/e2e-matrix-health.yml","122","actions/upload-artifact@043fb46d1a93c77aae656e7c1c64a875d1fc6a0a","external","043fb46d1a93c77aae656e7c1c64a875d1fc6a0a","PASS"
".github/workflows/e2e-matrix-health.yml","149","actions/checkout@3d3c42e5aac5ba805825da76410c181273ba90b1","external","3d3c42e5aac5ba805825da76410c181273ba90b1","PASS"
".github/workflows/e2e-matrix-health.yml","152","./.github/actions/setup-python-uv","local","repository-owned","PASS"
".github/workflows/e2e-matrix-health.yml","204","actions/upload-artifact@043fb46d1a93c77aae656e7c1c64a875d1fc6a0a","external","043fb46d1a93c77aae656e7c1c64a875d1fc6a0a","PASS"
".github/workflows/github-settings-quarterly-review.yml","27","actions/checkout@3d3c42e5aac5ba805825da76410c181273ba90b1","external","3d3c42e5aac5ba805825da76410c181273ba90b1","PASS"
".github/workflows/github-settings-quarterly-review.yml","47","actions/upload-artifact@043fb46d1a93c77aae656e7c1c64a875d1fc6a0a","external","043fb46d1a93c77aae656e7c1c64a875d1fc6a0a","PASS"
".github/workflows/import-linter.yml","28","actions/checkout@3d3c42e5aac5ba805825da76410c181273ba90b1","external","3d3c42e5aac5ba805825da76410c181273ba90b1","PASS"
".github/workflows/import-linter.yml","33","./.github/actions/setup-python-uv","local","repository-owned","PASS"
".github/workflows/import-linter.yml","143","actions/checkout@3d3c42e5aac5ba805825da76410c181273ba90b1","external","3d3c42e5aac5ba805825da76410c181273ba90b1","PASS"
".github/workflows/import-linter.yml","146","./.github/actions/setup-python-uv","local","repository-owned","PASS"
".github/workflows/import-linter.yml","172","actions/checkout@3d3c42e5aac5ba805825da76410c181273ba90b1","external","3d3c42e5aac5ba805825da76410c181273ba90b1","PASS"
".github/workflows/import-linter.yml","195","./.github/actions/setup-python-uv","local","repository-owned","PASS"
".github/workflows/labeler.yml","24","actions/labeler@bf12e9b00b37c5c0ca2b87b79b2daf7891dbda13","external","bf12e9b00b37c5c0ca2b87b79b2daf7891dbda13","PASS"
".github/workflows/memory-freshness.yml","23","actions/checkout@3d3c42e5aac5ba805825da76410c181273ba90b1","external","3d3c42e5aac5ba805825da76410c181273ba90b1","PASS"
".github/workflows/memory-freshness.yml","25","./.github/actions/setup-python-uv","local","repository-owned","PASS"
".github/workflows/memory-freshness.yml","42","actions/checkout@3d3c42e5aac5ba805825da76410c181273ba90b1","external","3d3c42e5aac5ba805825da76410c181273ba90b1","PASS"
".github/workflows/memory-freshness.yml","44","./.github/actions/setup-python-uv","local","repository-owned","PASS"
".github/workflows/memory-retention.yml","28","actions/checkout@3d3c42e5aac5ba805825da76410c181273ba90b1","external","3d3c42e5aac5ba805825da76410c181273ba90b1","PASS"
".github/workflows/memory-retention.yml","31","./.github/actions/setup-python-uv","local","repository-owned","PASS"
".github/workflows/mutation-testing.yml","62","actions/checkout@3d3c42e5aac5ba805825da76410c181273ba90b1","external","3d3c42e5aac5ba805825da76410c181273ba90b1","PASS"
".github/workflows/mutation-testing.yml","65","./.github/actions/setup-python-uv","local","repository-owned","PASS"
".github/workflows/mutation-testing.yml","70","actions/cache@27d5ce7f107fe9357f9df03efb73ab90386fccae","external","27d5ce7f107fe9357f9df03efb73ab90386fccae","PASS"
".github/workflows/mutation-testing.yml","200","actions/upload-artifact@043fb46d1a93c77aae656e7c1c64a875d1fc6a0a","external","043fb46d1a93c77aae656e7c1c64a875d1fc6a0a","PASS"
".github/workflows/nightly-replay-parity.yml","25","actions/checkout@3d3c42e5aac5ba805825da76410c181273ba90b1","external","3d3c42e5aac5ba805825da76410c181273ba90b1","PASS"
".github/workflows/nightly-replay-parity.yml","28","./.github/actions/setup-python-uv","local","repository-owned","PASS"
".github/workflows/nightly-replay-parity.yml","66","actions/upload-artifact@043fb46d1a93c77aae656e7c1c64a875d1fc6a0a","external","043fb46d1a93c77aae656e7c1c64a875d1fc6a0a","PASS"
".github/workflows/performance-nightly.yml","21","actions/checkout@3d3c42e5aac5ba805825da76410c181273ba90b1","external","3d3c42e5aac5ba805825da76410c181273ba90b1","PASS"
".github/workflows/performance-nightly.yml","24","./.github/actions/setup-python-uv","local","repository-owned","PASS"
".github/workflows/performance-nightly.yml","74","actions/upload-artifact@043fb46d1a93c77aae656e7c1c64a875d1fc6a0a","external","043fb46d1a93c77aae656e7c1c64a875d1fc6a0a","PASS"
".github/workflows/port-contracts.yml","55","actions/checkout@3d3c42e5aac5ba805825da76410c181273ba90b1","external","3d3c42e5aac5ba805825da76410c181273ba90b1","PASS"
".github/workflows/port-contracts.yml","58","./.github/actions/setup-python-uv","local","repository-owned","PASS"
".github/workflows/port-contracts.yml","78","actions/upload-artifact@043fb46d1a93c77aae656e7c1c64a875d1fc6a0a","external","043fb46d1a93c77aae656e7c1c64a875d1fc6a0a","PASS"
".github/workflows/port-contracts.yml","97","actions/checkout@3d3c42e5aac5ba805825da76410c181273ba90b1","external","3d3c42e5aac5ba805825da76410c181273ba90b1","PASS"
".github/workflows/port-contracts.yml","100","./.github/actions/setup-python-uv","local","repository-owned","PASS"
".github/workflows/port-contracts.yml","121","actions/upload-artifact@043fb46d1a93c77aae656e7c1c64a875d1fc6a0a","external","043fb46d1a93c77aae656e7c1c64a875d1fc6a0a","PASS"
".github/workflows/pr-hygiene.yml","18","actions/github-script@f28e40c7f34bde8b3046d885e986cb6290c5673b","external","f28e40c7f34bde8b3046d885e986cb6290c5673b","PASS"
".github/workflows/provider-contract-drift.yml","56","actions/checkout@3d3c42e5aac5ba805825da76410c181273ba90b1","external","3d3c42e5aac5ba805825da76410c181273ba90b1","PASS"
".github/workflows/provider-contract-drift.yml","59","./.github/actions/setup-python-uv","local","repository-owned","PASS"
".github/workflows/provider-contract-drift.yml","88","actions/upload-artifact@043fb46d1a93c77aae656e7c1c64a875d1fc6a0a","external","043fb46d1a93c77aae656e7c1c64a875d1fc6a0a","PASS"
".github/workflows/quality-debt-weekly.yml","25","actions/checkout@3d3c42e5aac5ba805825da76410c181273ba90b1","external","3d3c42e5aac5ba805825da76410c181273ba90b1","PASS"
".github/workflows/quality-debt-weekly.yml","28","./.github/actions/setup-python-uv","local","repository-owned","PASS"
".github/workflows/quality-debt-weekly.yml","46","actions/upload-artifact@043fb46d1a93c77aae656e7c1c64a875d1fc6a0a","external","043fb46d1a93c77aae656e7c1c64a875d1fc6a0a","PASS"
".github/workflows/release.yml","35","actions/checkout@3d3c42e5aac5ba805825da76410c181273ba90b1","external","3d3c42e5aac5ba805825da76410c181273ba90b1","PASS"
".github/workflows/release.yml","38","./.github/actions/setup-python-uv","local","repository-owned","PASS"
".github/workflows/release.yml","66","actions/upload-artifact@043fb46d1a93c77aae656e7c1c64a875d1fc6a0a","external","043fb46d1a93c77aae656e7c1c64a875d1fc6a0a","PASS"
".github/workflows/release.yml","74","anchore/sbom-action@e22c389904149dbc22b58101806040fa8d37a610","external","e22c389904149dbc22b58101806040fa8d37a610","PASS"
".github/workflows/release.yml","97","actions/setup-python@5fda3b95a4ea91299a34e894583c3862153e4b97","external","5fda3b95a4ea91299a34e894583c3862153e4b97","PASS"
".github/workflows/release.yml","102","astral-sh/setup-uv@37802adc94f370d6bfd71619e3f0bf239e1f3b78","external","37802adc94f370d6bfd71619e3f0bf239e1f3b78","PASS"
".github/workflows/release.yml","107","actions/download-artifact@3e5f45b2cfb9172054b4087a40e8e0b5a5461e7c","external","3e5f45b2cfb9172054b4087a40e8e0b5a5461e7c","PASS"
".github/workflows/release.yml","147","./.github/workflows/security.yml","local","repository-owned","PASS"
".github/workflows/release.yml","157","actions/checkout@3d3c42e5aac5ba805825da76410c181273ba90b1","external","3d3c42e5aac5ba805825da76410c181273ba90b1","PASS"
".github/workflows/release.yml","160","./.github/actions/setup-python-uv","local","repository-owned","PASS"
".github/workflows/release.yml","189","actions/download-artifact@3e5f45b2cfb9172054b4087a40e8e0b5a5461e7c","external","3e5f45b2cfb9172054b4087a40e8e0b5a5461e7c","PASS"
".github/workflows/release.yml","195","pypa/gh-action-pypi-publish@dc37677b2e1c63e2034f94d8a5b11f265b73ba33","external","dc37677b2e1c63e2034f94d8a5b11f265b73ba33","PASS"
".github/workflows/release.yml","215","actions/download-artifact@3e5f45b2cfb9172054b4087a40e8e0b5a5461e7c","external","3e5f45b2cfb9172054b4087a40e8e0b5a5461e7c","PASS"
".github/workflows/release.yml","221","pypa/gh-action-pypi-publish@dc37677b2e1c63e2034f94d8a5b11f265b73ba33","external","dc37677b2e1c63e2034f94d8a5b11f265b73ba33","PASS"
".github/workflows/release.yml","234","actions/download-artifact@3e5f45b2cfb9172054b4087a40e8e0b5a5461e7c","external","3e5f45b2cfb9172054b4087a40e8e0b5a5461e7c","PASS"
".github/workflows/release.yml","240","actions/download-artifact@3e5f45b2cfb9172054b4087a40e8e0b5a5461e7c","external","3e5f45b2cfb9172054b4087a40e8e0b5a5461e7c","PASS"
".github/workflows/release.yml","246","softprops/action-gh-release@3d0d9888cb7fd7b750713d6e236d1fcb99157228","external","3d0d9888cb7fd7b750713d6e236d1fcb99157228","PASS"
".github/workflows/reusable-mermaid-setup.yml","29","actions/setup-node@249970729cb0ef3589644e2896645e5dc5ba9c38","external","249970729cb0ef3589644e2896645e5dc5ba9c38","PASS"
".github/workflows/reusable-setup.yml","25","actions/checkout@3d3c42e5aac5ba805825da76410c181273ba90b1","external","3d3c42e5aac5ba805825da76410c181273ba90b1","PASS"
".github/workflows/reusable-setup.yml","30","actions/setup-python@5fda3b95a4ea91299a34e894583c3862153e4b97","external","5fda3b95a4ea91299a34e894583c3862153e4b97","PASS"
".github/workflows/reusable-setup.yml","35","actions/cache@27d5ce7f107fe9357f9df03efb73ab90386fccae","external","27d5ce7f107fe9357f9df03efb73ab90386fccae","PASS"
".github/workflows/reusable-setup.yml","45","astral-sh/setup-uv@20cfd1bf945f4377ade1205e4dbc17946fc9a30d","external","20cfd1bf945f4377ade1205e4dbc17946fc9a30d","PASS"
".github/workflows/root-hygiene.yml","20","actions/checkout@3d3c42e5aac5ba805825da76410c181273ba90b1","external","3d3c42e5aac5ba805825da76410c181273ba90b1","PASS"
".github/workflows/root-hygiene.yml","23","./.github/actions/setup-python-uv","local","repository-owned","PASS"
".github/workflows/root-hygiene.yml","54","actions/upload-artifact@043fb46d1a93c77aae656e7c1c64a875d1fc6a0a","external","043fb46d1a93c77aae656e7c1c64a875d1fc6a0a","PASS"
".github/workflows/root-hygiene.yml","61","actions/upload-artifact@043fb46d1a93c77aae656e7c1c64a875d1fc6a0a","external","043fb46d1a93c77aae656e7c1c64a875d1fc6a0a","PASS"
".github/workflows/root-hygiene.yml","68","actions/upload-artifact@043fb46d1a93c77aae656e7c1c64a875d1fc6a0a","external","043fb46d1a93c77aae656e7c1c64a875d1fc6a0a","PASS"
".github/workflows/schema-governance.yml","56","actions/checkout@3d3c42e5aac5ba805825da76410c181273ba90b1","external","3d3c42e5aac5ba805825da76410c181273ba90b1","PASS"
".github/workflows/schema-governance.yml","61","./.github/actions/setup-python-uv","local","repository-owned","PASS"
".github/workflows/schema-governance.yml","78","actions/checkout@3d3c42e5aac5ba805825da76410c181273ba90b1","external","3d3c42e5aac5ba805825da76410c181273ba90b1","PASS"
".github/workflows/schema-governance.yml","83","./.github/actions/setup-python-uv","local","repository-owned","PASS"
".github/workflows/schema-governance.yml","112","actions/checkout@3d3c42e5aac5ba805825da76410c181273ba90b1","external","3d3c42e5aac5ba805825da76410c181273ba90b1","PASS"
".github/workflows/schema-governance.yml","117","./.github/actions/setup-python-uv","local","repository-owned","PASS"
".github/workflows/schema-governance.yml","140","actions/checkout@3d3c42e5aac5ba805825da76410c181273ba90b1","external","3d3c42e5aac5ba805825da76410c181273ba90b1","PASS"
".github/workflows/schema-governance.yml","145","./.github/actions/setup-python-uv","local","repository-owned","PASS"
".github/workflows/schema-governance.yml","161","actions/upload-artifact@043fb46d1a93c77aae656e7c1c64a875d1fc6a0a","external","043fb46d1a93c77aae656e7c1c64a875d1fc6a0a","PASS"
".github/workflows/scorecard.yml","29","actions/checkout@3d3c42e5aac5ba805825da76410c181273ba90b1","external","3d3c42e5aac5ba805825da76410c181273ba90b1","PASS"
".github/workflows/scorecard.yml","34","ossf/scorecard-action@2d1146689b8cda280b9bc96326124645441f03bc","external","2d1146689b8cda280b9bc96326124645441f03bc","PASS"
".github/workflows/scorecard.yml","42","actions/upload-artifact@043fb46d1a93c77aae656e7c1c64a875d1fc6a0a","external","043fb46d1a93c77aae656e7c1c64a875d1fc6a0a","PASS"
".github/workflows/scorecard.yml","50","github/codeql-action/upload-sarif@cdf488f595d80d6e07e03d4674febd5ab45fa938","external","cdf488f595d80d6e07e03d4674febd5ab45fa938","PASS"
".github/workflows/security.yml","31","actions/checkout@3d3c42e5aac5ba805825da76410c181273ba90b1","external","3d3c42e5aac5ba805825da76410c181273ba90b1","PASS"
".github/workflows/security.yml","33","./.github/actions/setup-python-uv","local","repository-owned","PASS"
".github/workflows/security.yml","45","actions/checkout@3d3c42e5aac5ba805825da76410c181273ba90b1","external","3d3c42e5aac5ba805825da76410c181273ba90b1","PASS"
".github/workflows/security.yml","48","./.github/actions/setup-python-uv","local","repository-owned","PASS"
".github/workflows/security.yml","70","actions/checkout@3d3c42e5aac5ba805825da76410c181273ba90b1","external","3d3c42e5aac5ba805825da76410c181273ba90b1","PASS"
".github/workflows/security.yml","73","./.github/actions/setup-python-uv","local","repository-owned","PASS"
".github/workflows/security.yml","85","actions/checkout@3d3c42e5aac5ba805825da76410c181273ba90b1","external","3d3c42e5aac5ba805825da76410c181273ba90b1","PASS"
".github/workflows/security.yml","91","gitleaks/gitleaks-action@e0c47f4f8be36e29cdc102c57e68cb5cbf0e8d1e","external","e0c47f4f8be36e29cdc102c57e68cb5cbf0e8d1e","PASS"
".github/workflows/security.yml","103","actions/checkout@3d3c42e5aac5ba805825da76410c181273ba90b1","external","3d3c42e5aac5ba805825da76410c181273ba90b1","PASS"
".github/workflows/security.yml","110","google/osv-scanner-action/osv-scanner-action@6e4298ebc4db23e847df9b2e2de2939d6f066c67","external","6e4298ebc4db23e847df9b2e2de2939d6f066c67","PASS"
".github/workflows/security.yml","118","actions/setup-python@5fda3b95a4ea91299a34e894583c3862153e4b97","external","5fda3b95a4ea91299a34e894583c3862153e4b97","PASS"
".github/workflows/semantic-governance.yml","76","actions/checkout@3d3c42e5aac5ba805825da76410c181273ba90b1","external","3d3c42e5aac5ba805825da76410c181273ba90b1","PASS"
".github/workflows/semantic-governance.yml","79","./.github/actions/setup-python-uv","local","repository-owned","PASS"
".github/workflows/skills-consistency.yml","114","actions/checkout@3d3c42e5aac5ba805825da76410c181273ba90b1","external","3d3c42e5aac5ba805825da76410c181273ba90b1","PASS"
".github/workflows/skills-consistency.yml","128","actions/checkout@3d3c42e5aac5ba805825da76410c181273ba90b1","external","3d3c42e5aac5ba805825da76410c181273ba90b1","PASS"
".github/workflows/skills-consistency.yml","138","actions/upload-artifact@043fb46d1a93c77aae656e7c1c64a875d1fc6a0a","external","043fb46d1a93c77aae656e7c1c64a875d1fc6a0a","PASS"
".github/workflows/skills-consistency.yml","150","actions/checkout@3d3c42e5aac5ba805825da76410c181273ba90b1","external","3d3c42e5aac5ba805825da76410c181273ba90b1","PASS"
".github/workflows/skills-consistency.yml","163","actions/upload-artifact@043fb46d1a93c77aae656e7c1c64a875d1fc6a0a","external","043fb46d1a93c77aae656e7c1c64a875d1fc6a0a","PASS"
".github/workflows/skills-consistency.yml","176","actions/checkout@3d3c42e5aac5ba805825da76410c181273ba90b1","external","3d3c42e5aac5ba805825da76410c181273ba90b1","PASS"
".github/workflows/skills-consistency.yml","186","actions/checkout@3d3c42e5aac5ba805825da76410c181273ba90b1","external","3d3c42e5aac5ba805825da76410c181273ba90b1","PASS"
".github/workflows/stale.yml","20","actions/stale@5bef64f19d7facfb25b37b414482c7164d639639","external","5bef64f19d7facfb25b37b414482c7164d639639","PASS"
".github/workflows/tests.yml","51","actions/checkout@3d3c42e5aac5ba805825da76410c181273ba90b1","external","3d3c42e5aac5ba805825da76410c181273ba90b1","PASS"
".github/workflows/tests.yml","54","./.github/actions/setup-python-uv","local","repository-owned","PASS"
".github/workflows/tests.yml","72","actions/upload-artifact@043fb46d1a93c77aae656e7c1c64a875d1fc6a0a","external","043fb46d1a93c77aae656e7c1c64a875d1fc6a0a","PASS"
".github/workflows/tests.yml","96","actions/checkout@3d3c42e5aac5ba805825da76410c181273ba90b1","external","3d3c42e5aac5ba805825da76410c181273ba90b1","PASS"
".github/workflows/tests.yml","103","./.github/actions/setup-python-uv","local","repository-owned","PASS"
".github/workflows/tests.yml","128","actions/upload-artifact@043fb46d1a93c77aae656e7c1c64a875d1fc6a0a","external","043fb46d1a93c77aae656e7c1c64a875d1fc6a0a","PASS"
".github/workflows/tests.yml","145","actions/checkout@3d3c42e5aac5ba805825da76410c181273ba90b1","external","3d3c42e5aac5ba805825da76410c181273ba90b1","PASS"
".github/workflows/tests.yml","172","./.github/actions/setup-python-uv","local","repository-owned","PASS"
".github/workflows/tests.yml","203","actions/checkout@3d3c42e5aac5ba805825da76410c181273ba90b1","external","3d3c42e5aac5ba805825da76410c181273ba90b1","PASS"
".github/workflows/tests.yml","226","./.github/actions/setup-python-uv","local","repository-owned","PASS"
".github/workflows/tests.yml","243","actions/upload-artifact@043fb46d1a93c77aae656e7c1c64a875d1fc6a0a","external","043fb46d1a93c77aae656e7c1c64a875d1fc6a0a","PASS"
".github/workflows/tests.yml","263","actions/checkout@3d3c42e5aac5ba805825da76410c181273ba90b1","external","3d3c42e5aac5ba805825da76410c181273ba90b1","PASS"
".github/workflows/tests.yml","266","./.github/actions/setup-python-uv","local","repository-owned","PASS"
".github/workflows/tests.yml","296","actions/upload-artifact@043fb46d1a93c77aae656e7c1c64a875d1fc6a0a","external","043fb46d1a93c77aae656e7c1c64a875d1fc6a0a","PASS"
".github/workflows/tests.yml","305","actions/upload-artifact@043fb46d1a93c77aae656e7c1c64a875d1fc6a0a","external","043fb46d1a93c77aae656e7c1c64a875d1fc6a0a","PASS"
".github/workflows/tests.yml","322","actions/checkout@3d3c42e5aac5ba805825da76410c181273ba90b1","external","3d3c42e5aac5ba805825da76410c181273ba90b1","PASS"
".github/workflows/tests.yml","325","./.github/actions/setup-python-uv","local","repository-owned","PASS"
".github/workflows/tests.yml","352","actions/upload-artifact@043fb46d1a93c77aae656e7c1c64a875d1fc6a0a","external","043fb46d1a93c77aae656e7c1c64a875d1fc6a0a","PASS"
".github/workflows/tests.yml","370","actions/checkout@3d3c42e5aac5ba805825da76410c181273ba90b1","external","3d3c42e5aac5ba805825da76410c181273ba90b1","PASS"
".github/workflows/tests.yml","393","./.github/actions/setup-python-uv","local","repository-owned","PASS"
".github/workflows/tests.yml","540","actions/upload-artifact@043fb46d1a93c77aae656e7c1c64a875d1fc6a0a","external","043fb46d1a93c77aae656e7c1c64a875d1fc6a0a","PASS"
".github/workflows/tests.yml","582","actions/checkout@3d3c42e5aac5ba805825da76410c181273ba90b1","external","3d3c42e5aac5ba805825da76410c181273ba90b1","PASS"
".github/workflows/tests.yml","585","./.github/actions/setup-python-uv","local","repository-owned","PASS"
".github/workflows/tests.yml","630","actions/checkout@3d3c42e5aac5ba805825da76410c181273ba90b1","external","3d3c42e5aac5ba805825da76410c181273ba90b1","PASS"
".github/workflows/tests.yml","633","./.github/actions/setup-python-uv","local","repository-owned","PASS"
".github/workflows/tests.yml","697","actions/checkout@3d3c42e5aac5ba805825da76410c181273ba90b1","external","3d3c42e5aac5ba805825da76410c181273ba90b1","PASS"
".github/workflows/tests.yml","700","./.github/actions/setup-python-uv","local","repository-owned","PASS"
".github/workflows/tests.yml","714","actions/upload-artifact@043fb46d1a93c77aae656e7c1c64a875d1fc6a0a","external","043fb46d1a93c77aae656e7c1c64a875d1fc6a0a","PASS"
".github/workflows/tests.yml","730","actions/checkout@3d3c42e5aac5ba805825da76410c181273ba90b1","external","3d3c42e5aac5ba805825da76410c181273ba90b1","PASS"
".github/workflows/tests.yml","733","./.github/actions/setup-python-uv","local","repository-owned","PASS"
".github/workflows/tests.yml","749","actions/checkout@3d3c42e5aac5ba805825da76410c181273ba90b1","external","3d3c42e5aac5ba805825da76410c181273ba90b1","PASS"
".github/workflows/tests.yml","752","./.github/actions/setup-python-uv","local","repository-owned","PASS"
".github/workflows/tests.yml","785","actions/upload-artifact@043fb46d1a93c77aae656e7c1c64a875d1fc6a0a","external","043fb46d1a93c77aae656e7c1c64a875d1fc6a0a","PASS"
".github/workflows/tests.yml","793","actions/upload-artifact@043fb46d1a93c77aae656e7c1c64a875d1fc6a0a","external","043fb46d1a93c77aae656e7c1c64a875d1fc6a0a","PASS"
".github/workflows/tests.yml","802","actions/upload-artifact@043fb46d1a93c77aae656e7c1c64a875d1fc6a0a","external","043fb46d1a93c77aae656e7c1c64a875d1fc6a0a","PASS"
".github/workflows/tests.yml","824","actions/checkout@3d3c42e5aac5ba805825da76410c181273ba90b1","external","3d3c42e5aac5ba805825da76410c181273ba90b1","PASS"
".github/workflows/tests.yml","827","./.github/actions/setup-python-uv","local","repository-owned","PASS"
".github/workflows/tests.yml","851","actions/upload-artifact@043fb46d1a93c77aae656e7c1c64a875d1fc6a0a","external","043fb46d1a93c77aae656e7c1c64a875d1fc6a0a","PASS"
".github/workflows/tests.yml","868","actions/checkout@3d3c42e5aac5ba805825da76410c181273ba90b1","external","3d3c42e5aac5ba805825da76410c181273ba90b1","PASS"
".github/workflows/tests.yml","871","./.github/actions/setup-python-uv","local","repository-owned","PASS"
".github/workflows/tests.yml","899","actions/upload-artifact@043fb46d1a93c77aae656e7c1c64a875d1fc6a0a","external","043fb46d1a93c77aae656e7c1c64a875d1fc6a0a","PASS"
".github/workflows/tests.yml","908","actions/upload-artifact@043fb46d1a93c77aae656e7c1c64a875d1fc6a0a","external","043fb46d1a93c77aae656e7c1c64a875d1fc6a0a","PASS"
".github/workflows/tests.yml","926","actions/checkout@3d3c42e5aac5ba805825da76410c181273ba90b1","external","3d3c42e5aac5ba805825da76410c181273ba90b1","PASS"
".github/workflows/tests.yml","929","./.github/actions/setup-python-uv","local","repository-owned","PASS"
".github/workflows/tests.yml","958","actions/upload-artifact@043fb46d1a93c77aae656e7c1c64a875d1fc6a0a","external","043fb46d1a93c77aae656e7c1c64a875d1fc6a0a","PASS"
".github/workflows/tests.yml","967","actions/upload-artifact@043fb46d1a93c77aae656e7c1c64a875d1fc6a0a","external","043fb46d1a93c77aae656e7c1c64a875d1fc6a0a","PASS"
".github/workflows/tests.yml","987","actions/checkout@3d3c42e5aac5ba805825da76410c181273ba90b1","external","3d3c42e5aac5ba805825da76410c181273ba90b1","PASS"
".github/workflows/tests.yml","990","./.github/actions/setup-python-uv","local","repository-owned","PASS"
".github/workflows/tests.yml","1018","actions/upload-artifact@043fb46d1a93c77aae656e7c1c64a875d1fc6a0a","external","043fb46d1a93c77aae656e7c1c64a875d1fc6a0a","PASS"
".github/workflows/tests.yml","1027","actions/upload-artifact@043fb46d1a93c77aae656e7c1c64a875d1fc6a0a","external","043fb46d1a93c77aae656e7c1c64a875d1fc6a0a","PASS"
".github/workflows/tests.yml","1046","actions/checkout@3d3c42e5aac5ba805825da76410c181273ba90b1","external","3d3c42e5aac5ba805825da76410c181273ba90b1","PASS"
".github/workflows/tests.yml","1049","./.github/actions/setup-python-uv","local","repository-owned","PASS"
".github/workflows/tests.yml","1079","actions/upload-artifact@043fb46d1a93c77aae656e7c1c64a875d1fc6a0a","external","043fb46d1a93c77aae656e7c1c64a875d1fc6a0a","PASS"
".github/workflows/tests.yml","1088","actions/upload-artifact@043fb46d1a93c77aae656e7c1c64a875d1fc6a0a","external","043fb46d1a93c77aae656e7c1c64a875d1fc6a0a","PASS"
".github/workflows/tests.yml","1138","actions/checkout@3d3c42e5aac5ba805825da76410c181273ba90b1","external","3d3c42e5aac5ba805825da76410c181273ba90b1","PASS"
".github/workflows/tests.yml","1141","./.github/actions/setup-python-uv","local","repository-owned","PASS"
".github/workflows/tests.yml","1173","actions/upload-artifact@043fb46d1a93c77aae656e7c1c64a875d1fc6a0a","external","043fb46d1a93c77aae656e7c1c64a875d1fc6a0a","PASS"
".github/workflows/tests.yml","1183","actions/upload-artifact@043fb46d1a93c77aae656e7c1c64a875d1fc6a0a","external","043fb46d1a93c77aae656e7c1c64a875d1fc6a0a","PASS"
".github/workflows/tests.yml","1199","actions/checkout@3d3c42e5aac5ba805825da76410c181273ba90b1","external","3d3c42e5aac5ba805825da76410c181273ba90b1","PASS"
".github/workflows/tests.yml","1202","./.github/actions/setup-python-uv","local","repository-owned","PASS"
".github/workflows/tests.yml","1218","actions/upload-artifact@043fb46d1a93c77aae656e7c1c64a875d1fc6a0a","external","043fb46d1a93c77aae656e7c1c64a875d1fc6a0a","PASS"
".github/workflows/tests.yml","1234","actions/checkout@3d3c42e5aac5ba805825da76410c181273ba90b1","external","3d3c42e5aac5ba805825da76410c181273ba90b1","PASS"
".github/workflows/tests.yml","1237","./.github/actions/setup-python-uv","local","repository-owned","PASS"
".github/workflows/tests.yml","1289","actions/upload-artifact@043fb46d1a93c77aae656e7c1c64a875d1fc6a0a","external","043fb46d1a93c77aae656e7c1c64a875d1fc6a0a","PASS"
".github/workflows/tests.yml","1321","actions/checkout@3d3c42e5aac5ba805825da76410c181273ba90b1","external","3d3c42e5aac5ba805825da76410c181273ba90b1","PASS"
".github/workflows/tests.yml","1324","./.github/actions/setup-python-uv","local","repository-owned","PASS"
".github/workflows/tests.yml","1331","actions/download-artifact@3e5f45b2cfb9172054b4087a40e8e0b5a5461e7c","external","3e5f45b2cfb9172054b4087a40e8e0b5a5461e7c","PASS"
".github/workflows/tests.yml","1394","actions/upload-artifact@043fb46d1a93c77aae656e7c1c64a875d1fc6a0a","external","043fb46d1a93c77aae656e7c1c64a875d1fc6a0a","PASS"
".github/workflows/tests.yml","1415","actions/checkout@3d3c42e5aac5ba805825da76410c181273ba90b1","external","3d3c42e5aac5ba805825da76410c181273ba90b1","PASS"
".github/workflows/tests.yml","1418","actions/download-artifact@3e5f45b2cfb9172054b4087a40e8e0b5a5461e7c","external","3e5f45b2cfb9172054b4087a40e8e0b5a5461e7c","PASS"
".github/workflows/tests.yml","1452","actions/checkout@3d3c42e5aac5ba805825da76410c181273ba90b1","external","3d3c42e5aac5ba805825da76410c181273ba90b1","PASS"
".github/workflows/tests.yml","1455","./.github/actions/setup-python-uv","local","repository-owned","PASS"
".github/workflows/tests.yml","1460","actions/download-artifact@3e5f45b2cfb9172054b4087a40e8e0b5a5461e7c","external","3e5f45b2cfb9172054b4087a40e8e0b5a5461e7c","PASS"
".github/workflows/tests.yml","1693","actions/upload-artifact@043fb46d1a93c77aae656e7c1c64a875d1fc6a0a","external","043fb46d1a93c77aae656e7c1c64a875d1fc6a0a","PASS"
".github/workflows/tests.yml","1704","actions/upload-artifact@043fb46d1a93c77aae656e7c1c64a875d1fc6a0a","external","043fb46d1a93c77aae656e7c1c64a875d1fc6a0a","PASS"
".github/workflows/tests.yml","1739","actions/checkout@3d3c42e5aac5ba805825da76410c181273ba90b1","external","3d3c42e5aac5ba805825da76410c181273ba90b1","PASS"
".github/workflows/tests.yml","1744","./.github/actions/setup-python-uv","local","repository-owned","PASS"
".github/workflows/tests.yml","1750","actions/download-artifact@3e5f45b2cfb9172054b4087a40e8e0b5a5461e7c","external","3e5f45b2cfb9172054b4087a40e8e0b5a5461e7c","PASS"
".github/workflows/tests.yml","1757","actions/download-artifact@3e5f45b2cfb9172054b4087a40e8e0b5a5461e7c","external","3e5f45b2cfb9172054b4087a40e8e0b5a5461e7c","PASS"
".github/workflows/tests.yml","1764","actions/download-artifact@3e5f45b2cfb9172054b4087a40e8e0b5a5461e7c","external","3e5f45b2cfb9172054b4087a40e8e0b5a5461e7c","PASS"
".github/workflows/tests.yml","1920","actions/upload-artifact@043fb46d1a93c77aae656e7c1c64a875d1fc6a0a","external","043fb46d1a93c77aae656e7c1c64a875d1fc6a0a","PASS"
".github/workflows/type-checking.yml","36","actions/checkout@3d3c42e5aac5ba805825da76410c181273ba90b1","external","3d3c42e5aac5ba805825da76410c181273ba90b1","PASS"
".github/workflows/type-checking.yml","39","./.github/actions/setup-python-uv","local","repository-owned","PASS"
".github/workflows/type-checking.yml","55","actions/upload-artifact@043fb46d1a93c77aae656e7c1c64a875d1fc6a0a","external","043fb46d1a93c77aae656e7c1c64a875d1fc6a0a","PASS"
".github/workflows/type-checking.yml","76","actions/checkout@3d3c42e5aac5ba805825da76410c181273ba90b1","external","3d3c42e5aac5ba805825da76410c181273ba90b1","PASS"
".github/workflows/type-checking.yml","79","./.github/actions/setup-python-uv","local","repository-owned","PASS"
".github/workflows/type-checking.yml","212","actions/upload-artifact@043fb46d1a93c77aae656e7c1c64a875d1fc6a0a","external","043fb46d1a93c77aae656e7c1c64a875d1fc6a0a","PASS"
".github/workflows/vacuum.yml","42","actions/checkout@3d3c42e5aac5ba805825da76410c181273ba90b1","external","3d3c42e5aac5ba805825da76410c181273ba90b1","PASS"
".github/workflows/vacuum.yml","45","./.github/actions/setup-python-uv","local","repository-owned","PASS"
".github/workflows/validate-vendored-mermaid-assets.yml","28","actions/checkout@3d3c42e5aac5ba805825da76410c181273ba90b1","external","3d3c42e5aac5ba805825da76410c181273ba90b1","PASS"
".github/workflows/zizmor.yml","32","actions/checkout@3d3c42e5aac5ba805825da76410c181273ba90b1","external","3d3c42e5aac5ba805825da76410c181273ba90b1","PASS"
".github/workflows/zizmor.yml","37","zizmorcore/zizmor-action@3dc1ecc9bcb9e94e9b2c709687979e1298497054","external","3dc1ecc9bcb9e94e9b2c709687979e1298497054","PASS"
