id,dashboard,panel_id,scenario,candidate,from_utc,to_utc,status,sample_size,absolute_error,relative_error,tolerance,method,note
bioetl-control-plane-v1-891-normal-15m,bioetl-control-plane-v1,891,normal-15m,False,2026-09-07T06:45:00+00:00,2026-09-07T07:00:00+00:00,PASS,1,0.0,,1e-09,max,
bioetl-control-plane-v1-891-normal-6h,bioetl-control-plane-v1,891,normal-6h,False,2026-09-07T01:00:00+00:00,2026-09-07T07:00:00+00:00,PASS,1,0.0,,1e-09,max,
bioetl-control-plane-v1-891-scrape-anomaly,bioetl-control-plane-v1,891,scrape-anomaly,False,2026-09-07T07:05:00+00:00,2026-09-07T07:10:00+00:00,PASS,1,0.0,,1e-09,max,
bioetl-control-plane-v1-891-default,bioetl-control-plane-v1,891,default,False,2026-09-07T01:00:00+00:00,2026-09-07T07:00:00+00:00,NOT_VERIFIABLE,0,,,1e-09,max,"Source samples absent/insufficient; empty matches UNKNOWN, but no numeric agreement is claimed."
bioetl-control-plane-v1-891-all,bioetl-control-plane-v1,891,all,False,2026-09-07T01:00:00+00:00,2026-09-07T07:00:00+00:00,PASS,1,0.0,,1e-09,max,
bioetl-control-plane-v1-891-multi,bioetl-control-plane-v1,891,multi,False,2026-09-07T01:00:00+00:00,2026-09-07T07:00:00+00:00,PASS,1,0.0,,1e-09,max,
bioetl-control-plane-v1-891-empty,bioetl-control-plane-v1,891,empty,False,2026-09-07T01:00:00+00:00,2026-09-07T07:00:00+00:00,NOT_VERIFIABLE,0,,,1e-09,max,"Source samples absent/insufficient; empty matches UNKNOWN, but no numeric agreement is claimed."
bioetl-control-plane-v1-891-regex-special,bioetl-control-plane-v1,891,regex-special,False,2026-09-07T01:00:00+00:00,2026-09-07T07:00:00+00:00,NOT_VERIFIABLE,0,,,1e-09,max,"Source samples absent/insufficient; empty matches UNKNOWN, but no numeric agreement is claimed."
bioetl-control-plane-v1-891-selected-missing-run,bioetl-control-plane-v1,891,selected-missing-run,False,2026-09-07T01:00:00+00:00,2026-09-07T07:00:00+00:00,PASS,1,0.0,,1e-09,max,
bioetl-control-plane-v1-130-normal-15m,bioetl-control-plane-v1,130,normal-15m,False,2026-09-07T06:45:00+00:00,2026-09-07T07:00:00+00:00,PASS,1,0,,1e-09,blocker_count,
bioetl-control-plane-v1-130-normal-6h,bioetl-control-plane-v1,130,normal-6h,False,2026-09-07T01:00:00+00:00,2026-09-07T07:00:00+00:00,PASS,1,0,,1e-09,blocker_count,
bioetl-control-plane-v1-130-scrape-anomaly,bioetl-control-plane-v1,130,scrape-anomaly,False,2026-09-07T07:05:00+00:00,2026-09-07T07:10:00+00:00,PASS,1,0,,1e-09,blocker_count,
bioetl-control-plane-v1-130-default,bioetl-control-plane-v1,130,default,False,2026-09-07T01:00:00+00:00,2026-09-07T07:00:00+00:00,NOT_VERIFIABLE,0,,,1e-09,blocker_count,"Source samples absent/insufficient; empty matches UNKNOWN, but no numeric agreement is claimed."
bioetl-control-plane-v1-130-all,bioetl-control-plane-v1,130,all,False,2026-09-07T01:00:00+00:00,2026-09-07T07:00:00+00:00,PASS,1,0,,1e-09,blocker_count,
bioetl-control-plane-v1-130-multi,bioetl-control-plane-v1,130,multi,False,2026-09-07T01:00:00+00:00,2026-09-07T07:00:00+00:00,PASS,1,0,,1e-09,blocker_count,
bioetl-control-plane-v1-130-empty,bioetl-control-plane-v1,130,empty,False,2026-09-07T01:00:00+00:00,2026-09-07T07:00:00+00:00,NOT_VERIFIABLE,0,,,1e-09,blocker_count,"Source samples absent/insufficient; empty matches UNKNOWN, but no numeric agreement is claimed."
bioetl-control-plane-v1-130-regex-special,bioetl-control-plane-v1,130,regex-special,False,2026-09-07T01:00:00+00:00,2026-09-07T07:00:00+00:00,NOT_VERIFIABLE,0,,,1e-09,blocker_count,"Source samples absent/insufficient; empty matches UNKNOWN, but no numeric agreement is claimed."
bioetl-control-plane-v1-130-selected-missing-run,bioetl-control-plane-v1,130,selected-missing-run,False,2026-09-07T01:00:00+00:00,2026-09-07T07:00:00+00:00,PASS,1,0,,1e-09,blocker_count,
bioetl-control-plane-v1-9402-normal-15m,bioetl-control-plane-v1,9402,normal-15m,False,2026-09-07T06:45:00+00:00,2026-09-07T07:00:00+00:00,NOT_VERIFIABLE,14,,,1e-09,persisted_http,Transport/merge reference only for control-plane rows; persisted manifest reference is separately required.
bioetl-control-plane-v1-9402-normal-6h,bioetl-control-plane-v1,9402,normal-6h,False,2026-09-07T01:00:00+00:00,2026-09-07T07:00:00+00:00,NOT_VERIFIABLE,14,,,1e-09,persisted_http,Transport/merge reference only for control-plane rows; persisted manifest reference is separately required.
bioetl-control-plane-v1-9402-scrape-anomaly,bioetl-control-plane-v1,9402,scrape-anomaly,False,2026-09-07T07:05:00+00:00,2026-09-07T07:10:00+00:00,NOT_VERIFIABLE,14,,,1e-09,persisted_http,Transport/merge reference only for control-plane rows; persisted manifest reference is separately required.
bioetl-control-plane-v1-9402-default,bioetl-control-plane-v1,9402,default,False,2026-09-07T01:00:00+00:00,2026-09-07T07:00:00+00:00,NOT_VERIFIABLE,14,,,1e-09,persisted_http,Transport/merge reference only for control-plane rows; persisted manifest reference is separately required.
bioetl-control-plane-v1-9402-all,bioetl-control-plane-v1,9402,all,False,2026-09-07T01:00:00+00:00,2026-09-07T07:00:00+00:00,NOT_VERIFIABLE,0,,,1e-09,persisted_http,Transport/merge reference only for control-plane rows; persisted manifest reference is separately required.
bioetl-control-plane-v1-9402-multi,bioetl-control-plane-v1,9402,multi,False,2026-09-07T01:00:00+00:00,2026-09-07T07:00:00+00:00,NOT_VERIFIABLE,0,,,1e-09,persisted_http,Transport/merge reference only for control-plane rows; persisted manifest reference is separately required.
bioetl-control-plane-v1-9402-empty,bioetl-control-plane-v1,9402,empty,False,2026-09-07T01:00:00+00:00,2026-09-07T07:00:00+00:00,NA,0,,,1e-09,persisted_http,Rejected invalid/out-of-domain selector input; preserve explicit query error.
bioetl-control-plane-v1-9402-regex-special,bioetl-control-plane-v1,9402,regex-special,False,2026-09-07T01:00:00+00:00,2026-09-07T07:00:00+00:00,NOT_VERIFIABLE,0,,,1e-09,persisted_http,Transport/merge reference only for control-plane rows; persisted manifest reference is separately required.
bioetl-control-plane-v1-9402-selected-missing-run,bioetl-control-plane-v1,9402,selected-missing-run,False,2026-09-07T01:00:00+00:00,2026-09-07T07:00:00+00:00,NOT_VERIFIABLE,14,,,1e-09,persisted_http,Transport/merge reference only for control-plane rows; persisted manifest reference is separately required.
bioetl-control-plane-v1-9403-normal-15m,bioetl-control-plane-v1,9403,normal-15m,False,2026-09-07T06:45:00+00:00,2026-09-07T07:00:00+00:00,PASS,11,0,,1e-09,persisted_http,Persisted pipeline report layers; integers parsed independently from rendered strings.
bioetl-control-plane-v1-9403-normal-6h,bioetl-control-plane-v1,9403,normal-6h,False,2026-09-07T01:00:00+00:00,2026-09-07T07:00:00+00:00,PASS,11,0,,1e-09,persisted_http,Persisted pipeline report layers; integers parsed independently from rendered strings.
bioetl-control-plane-v1-9403-scrape-anomaly,bioetl-control-plane-v1,9403,scrape-anomaly,False,2026-09-07T07:05:00+00:00,2026-09-07T07:10:00+00:00,PASS,11,0,,1e-09,persisted_http,Persisted pipeline report layers; integers parsed independently from rendered strings.
bioetl-control-plane-v1-9403-default,bioetl-control-plane-v1,9403,default,False,2026-09-07T01:00:00+00:00,2026-09-07T07:00:00+00:00,NOT_VERIFIABLE,0,,,1e-09,persisted_http,No exact persisted run selected; direct HTTP comparison alone is not an independent accounting reference.
bioetl-control-plane-v1-9403-all,bioetl-control-plane-v1,9403,all,False,2026-09-07T01:00:00+00:00,2026-09-07T07:00:00+00:00,NOT_VERIFIABLE,0,,,1e-09,persisted_http,No exact persisted run selected; direct HTTP comparison alone is not an independent accounting reference.
bioetl-control-plane-v1-9403-multi,bioetl-control-plane-v1,9403,multi,False,2026-09-07T01:00:00+00:00,2026-09-07T07:00:00+00:00,NOT_VERIFIABLE,0,,,1e-09,persisted_http,No exact persisted run selected; direct HTTP comparison alone is not an independent accounting reference.
bioetl-control-plane-v1-9403-empty,bioetl-control-plane-v1,9403,empty,False,2026-09-07T01:00:00+00:00,2026-09-07T07:00:00+00:00,NA,0,,,1e-09,persisted_http,Rejected invalid/out-of-domain selector input; preserve explicit query error.
bioetl-control-plane-v1-9403-regex-special,bioetl-control-plane-v1,9403,regex-special,False,2026-09-07T01:00:00+00:00,2026-09-07T07:00:00+00:00,NOT_VERIFIABLE,0,,,1e-09,persisted_http,No exact persisted run selected; direct HTTP comparison alone is not an independent accounting reference.
bioetl-control-plane-v1-9403-selected-missing-run,bioetl-control-plane-v1,9403,selected-missing-run,False,2026-09-07T01:00:00+00:00,2026-09-07T07:00:00+00:00,NOT_VERIFIABLE,11,,,1e-09,persisted_http,No exact persisted run selected; direct HTTP comparison alone is not an independent accounting reference.
bioetl-control-plane-v1-9401-normal-15m,bioetl-control-plane-v1,9401,normal-15m,False,2026-09-07T06:45:00+00:00,2026-09-07T07:00:00+00:00,PASS,1,0.0,0.0,1e-09,max,
bioetl-control-plane-v1-9401-normal-6h,bioetl-control-plane-v1,9401,normal-6h,False,2026-09-07T01:00:00+00:00,2026-09-07T07:00:00+00:00,PASS,1,0.0,0.0,1e-09,max,
bioetl-control-plane-v1-9401-scrape-anomaly,bioetl-control-plane-v1,9401,scrape-anomaly,False,2026-09-07T07:05:00+00:00,2026-09-07T07:10:00+00:00,PASS,1,0.0,0.0,1e-09,max,
bioetl-control-plane-v1-9401-default,bioetl-control-plane-v1,9401,default,False,2026-09-07T01:00:00+00:00,2026-09-07T07:00:00+00:00,NOT_VERIFIABLE,0,,,1e-09,max,"Source samples absent/insufficient; empty matches UNKNOWN, but no numeric agreement is claimed."
bioetl-control-plane-v1-9401-all,bioetl-control-plane-v1,9401,all,False,2026-09-07T01:00:00+00:00,2026-09-07T07:00:00+00:00,PASS,1,0.0,0.0,1e-09,max,
bioetl-control-plane-v1-9401-multi,bioetl-control-plane-v1,9401,multi,False,2026-09-07T01:00:00+00:00,2026-09-07T07:00:00+00:00,PASS,1,0.0,0.0,1e-09,max,
bioetl-control-plane-v1-9401-empty,bioetl-control-plane-v1,9401,empty,False,2026-09-07T01:00:00+00:00,2026-09-07T07:00:00+00:00,NOT_VERIFIABLE,0,,,1e-09,max,"Source samples absent/insufficient; empty matches UNKNOWN, but no numeric agreement is claimed."
bioetl-control-plane-v1-9401-regex-special,bioetl-control-plane-v1,9401,regex-special,False,2026-09-07T01:00:00+00:00,2026-09-07T07:00:00+00:00,NOT_VERIFIABLE,0,,,1e-09,max,"Source samples absent/insufficient; empty matches UNKNOWN, but no numeric agreement is claimed."
bioetl-control-plane-v1-9401-selected-missing-run,bioetl-control-plane-v1,9401,selected-missing-run,False,2026-09-07T01:00:00+00:00,2026-09-07T07:00:00+00:00,PASS,1,0.0,0.0,1e-09,max,
bioetl-overview-v2-214-normal-15m,bioetl-overview-v2,214,normal-15m,False,2026-09-07T06:45:00+00:00,2026-09-07T07:00:00+00:00,PASS,1,0.0,0.0,1e-09,max,
bioetl-overview-v2-214-normal-6h,bioetl-overview-v2,214,normal-6h,False,2026-09-07T01:00:00+00:00,2026-09-07T07:00:00+00:00,PASS,1,0.0,0.0,1e-09,max,
bioetl-overview-v2-214-scrape-anomaly,bioetl-overview-v2,214,scrape-anomaly,False,2026-09-07T07:05:00+00:00,2026-09-07T07:10:00+00:00,PASS,1,0.0,0.0,1e-09,max,
bioetl-overview-v2-214-default,bioetl-overview-v2,214,default,False,2026-09-07T01:00:00+00:00,2026-09-07T07:00:00+00:00,PASS,1,0.0,0.0,1e-09,max,
bioetl-overview-v2-214-all,bioetl-overview-v2,214,all,False,2026-09-07T01:00:00+00:00,2026-09-07T07:00:00+00:00,PASS,1,0.0,0.0,1e-09,max,
bioetl-overview-v2-214-multi,bioetl-overview-v2,214,multi,False,2026-09-07T01:00:00+00:00,2026-09-07T07:00:00+00:00,PASS,1,0.0,0.0,1e-09,max,
bioetl-overview-v2-214-empty,bioetl-overview-v2,214,empty,False,2026-09-07T01:00:00+00:00,2026-09-07T07:00:00+00:00,NOT_VERIFIABLE,0,,,1e-09,max,"Source samples absent/insufficient; empty matches UNKNOWN, but no numeric agreement is claimed."
bioetl-overview-v2-214-regex-special,bioetl-overview-v2,214,regex-special,False,2026-09-07T01:00:00+00:00,2026-09-07T07:00:00+00:00,NOT_VERIFIABLE,0,,,1e-09,max,"Source samples absent/insufficient; empty matches UNKNOWN, but no numeric agreement is claimed."
bioetl-overview-v2-214-selected-missing-run,bioetl-overview-v2,214,selected-missing-run,False,2026-09-07T01:00:00+00:00,2026-09-07T07:00:00+00:00,PASS,1,0.0,0.0,1e-09,max,
bioetl-overview-v2-215-normal-15m,bioetl-overview-v2,215,normal-15m,False,2026-09-07T06:45:00+00:00,2026-09-07T07:00:00+00:00,PASS,2,0,,1e-09,route_top2,
bioetl-overview-v2-215-normal-6h,bioetl-overview-v2,215,normal-6h,False,2026-09-07T01:00:00+00:00,2026-09-07T07:00:00+00:00,PASS,2,0,,1e-09,route_top2,
bioetl-overview-v2-215-scrape-anomaly,bioetl-overview-v2,215,scrape-anomaly,False,2026-09-07T07:05:00+00:00,2026-09-07T07:10:00+00:00,PASS,2,0,,1e-09,route_top2,
bioetl-overview-v2-215-default,bioetl-overview-v2,215,default,False,2026-09-07T01:00:00+00:00,2026-09-07T07:00:00+00:00,PASS,2,0,,1e-09,route_top2,
bioetl-overview-v2-215-all,bioetl-overview-v2,215,all,False,2026-09-07T01:00:00+00:00,2026-09-07T07:00:00+00:00,PASS,2,0,,1e-09,route_top2,
bioetl-overview-v2-215-multi,bioetl-overview-v2,215,multi,False,2026-09-07T01:00:00+00:00,2026-09-07T07:00:00+00:00,PASS,2,0,,1e-09,route_top2,
bioetl-overview-v2-215-empty,bioetl-overview-v2,215,empty,False,2026-09-07T01:00:00+00:00,2026-09-07T07:00:00+00:00,NOT_VERIFIABLE,0,,,1e-09,route_top2,No source rows at this scope/time; no numeric sample.
bioetl-overview-v2-215-regex-special,bioetl-overview-v2,215,regex-special,False,2026-09-07T01:00:00+00:00,2026-09-07T07:00:00+00:00,NOT_VERIFIABLE,0,,,1e-09,route_top2,No source rows at this scope/time; no numeric sample.
bioetl-overview-v2-215-selected-missing-run,bioetl-overview-v2,215,selected-missing-run,False,2026-09-07T01:00:00+00:00,2026-09-07T07:00:00+00:00,PASS,2,0,,1e-09,route_top2,
bioetl-runtime-9401-normal-15m,bioetl-runtime,9401,normal-15m,False,2026-09-07T06:45:00+00:00,2026-09-07T07:00:00+00:00,PASS,1,0.0,,1e-09,max,
bioetl-runtime-9401-normal-6h,bioetl-runtime,9401,normal-6h,False,2026-09-07T01:00:00+00:00,2026-09-07T07:00:00+00:00,PASS,1,0.0,,1e-09,max,
bioetl-runtime-9401-scrape-anomaly,bioetl-runtime,9401,scrape-anomaly,False,2026-09-07T07:05:00+00:00,2026-09-07T07:10:00+00:00,PASS,1,0.0,,1e-09,max,
bioetl-runtime-9401-default,bioetl-runtime,9401,default,False,2026-09-07T01:00:00+00:00,2026-09-07T07:00:00+00:00,NOT_VERIFIABLE,0,,,1e-09,max,"Source samples absent/insufficient; empty matches UNKNOWN, but no numeric agreement is claimed."
bioetl-runtime-9401-all,bioetl-runtime,9401,all,False,2026-09-07T01:00:00+00:00,2026-09-07T07:00:00+00:00,PASS,1,0.0,,1e-09,max,
bioetl-runtime-9401-multi,bioetl-runtime,9401,multi,False,2026-09-07T01:00:00+00:00,2026-09-07T07:00:00+00:00,PASS,1,0.0,,1e-09,max,
bioetl-runtime-9401-empty,bioetl-runtime,9401,empty,False,2026-09-07T01:00:00+00:00,2026-09-07T07:00:00+00:00,NOT_VERIFIABLE,0,,,1e-09,max,"Source samples absent/insufficient; empty matches UNKNOWN, but no numeric agreement is claimed."
bioetl-runtime-9401-regex-special,bioetl-runtime,9401,regex-special,False,2026-09-07T01:00:00+00:00,2026-09-07T07:00:00+00:00,NOT_VERIFIABLE,0,,,1e-09,max,"Source samples absent/insufficient; empty matches UNKNOWN, but no numeric agreement is claimed."
bioetl-runtime-9401-selected-missing-run,bioetl-runtime,9401,selected-missing-run,False,2026-09-07T01:00:00+00:00,2026-09-07T07:00:00+00:00,PASS,1,0.0,,1e-09,max,
bioetl-runtime-205-normal-15m,bioetl-runtime,205,normal-15m,False,2026-09-07T06:45:00+00:00,2026-09-07T07:00:00+00:00,FAIL,1,,,1e-09,increase_sum,"Source samples absent/insufficient; empty matches UNKNOWN, but no numeric agreement is claimed."
bioetl-runtime-205-normal-6h,bioetl-runtime,205,normal-6h,False,2026-09-07T01:00:00+00:00,2026-09-07T07:00:00+00:00,FAIL,1,,,1e-09,increase_sum,"Source samples absent/insufficient; empty matches UNKNOWN, but no numeric agreement is claimed."
bioetl-runtime-205-scrape-anomaly,bioetl-runtime,205,scrape-anomaly,False,2026-09-07T07:05:00+00:00,2026-09-07T07:10:00+00:00,FAIL,1,,,1e-09,increase_sum,"Source samples absent/insufficient; empty matches UNKNOWN, but no numeric agreement is claimed."
bioetl-runtime-205-default,bioetl-runtime,205,default,False,2026-09-07T01:00:00+00:00,2026-09-07T07:00:00+00:00,NOT_VERIFIABLE,0,,,1e-09,increase_sum,"Source samples absent/insufficient; empty matches UNKNOWN, but no numeric agreement is claimed."
bioetl-runtime-205-all,bioetl-runtime,205,all,False,2026-09-07T01:00:00+00:00,2026-09-07T07:00:00+00:00,FAIL,1,,,1e-09,increase_sum,"Source samples absent/insufficient; empty matches UNKNOWN, but no numeric agreement is claimed."
bioetl-runtime-205-multi,bioetl-runtime,205,multi,False,2026-09-07T01:00:00+00:00,2026-09-07T07:00:00+00:00,FAIL,1,,,1e-09,increase_sum,"Source samples absent/insufficient; empty matches UNKNOWN, but no numeric agreement is claimed."
bioetl-runtime-205-empty,bioetl-runtime,205,empty,False,2026-09-07T01:00:00+00:00,2026-09-07T07:00:00+00:00,NOT_VERIFIABLE,0,,,1e-09,increase_sum,"Source samples absent/insufficient; empty matches UNKNOWN, but no numeric agreement is claimed."
bioetl-runtime-205-regex-special,bioetl-runtime,205,regex-special,False,2026-09-07T01:00:00+00:00,2026-09-07T07:00:00+00:00,NOT_VERIFIABLE,0,,,1e-09,increase_sum,"Source samples absent/insufficient; empty matches UNKNOWN, but no numeric agreement is claimed."
bioetl-runtime-205-selected-missing-run,bioetl-runtime,205,selected-missing-run,False,2026-09-07T01:00:00+00:00,2026-09-07T07:00:00+00:00,FAIL,1,,,1e-09,increase_sum,"Source samples absent/insufficient; empty matches UNKNOWN, but no numeric agreement is claimed."
bioetl-runtime-237-normal-15m,bioetl-runtime,237,normal-15m,False,2026-09-07T06:45:00+00:00,2026-09-07T07:00:00+00:00,NOT_VERIFIABLE,0,,,1e-09,stage_lag,"Source samples absent/insufficient; empty matches UNKNOWN, but no numeric agreement is claimed."
bioetl-runtime-237-normal-6h,bioetl-runtime,237,normal-6h,False,2026-09-07T01:00:00+00:00,2026-09-07T07:00:00+00:00,NOT_VERIFIABLE,0,,,1e-09,stage_lag,"Source samples absent/insufficient; empty matches UNKNOWN, but no numeric agreement is claimed."
bioetl-runtime-237-scrape-anomaly,bioetl-runtime,237,scrape-anomaly,False,2026-09-07T07:05:00+00:00,2026-09-07T07:10:00+00:00,NOT_VERIFIABLE,0,,,1e-09,stage_lag,"Source samples absent/insufficient; empty matches UNKNOWN, but no numeric agreement is claimed."
bioetl-runtime-237-default,bioetl-runtime,237,default,False,2026-09-07T01:00:00+00:00,2026-09-07T07:00:00+00:00,NOT_VERIFIABLE,0,,,1e-09,stage_lag,"Source samples absent/insufficient; empty matches UNKNOWN, but no numeric agreement is claimed."
bioetl-runtime-237-all,bioetl-runtime,237,all,False,2026-09-07T01:00:00+00:00,2026-09-07T07:00:00+00:00,NOT_VERIFIABLE,0,,,1e-09,stage_lag,"Source samples absent/insufficient; empty matches UNKNOWN, but no numeric agreement is claimed."
bioetl-runtime-237-multi,bioetl-runtime,237,multi,False,2026-09-07T01:00:00+00:00,2026-09-07T07:00:00+00:00,NOT_VERIFIABLE,0,,,1e-09,stage_lag,"Source samples absent/insufficient; empty matches UNKNOWN, but no numeric agreement is claimed."
bioetl-runtime-237-empty,bioetl-runtime,237,empty,False,2026-09-07T01:00:00+00:00,2026-09-07T07:00:00+00:00,NOT_VERIFIABLE,0,,,1e-09,stage_lag,"Source samples absent/insufficient; empty matches UNKNOWN, but no numeric agreement is claimed."
bioetl-runtime-237-regex-special,bioetl-runtime,237,regex-special,False,2026-09-07T01:00:00+00:00,2026-09-07T07:00:00+00:00,NOT_VERIFIABLE,0,,,1e-09,stage_lag,"Source samples absent/insufficient; empty matches UNKNOWN, but no numeric agreement is claimed."
bioetl-runtime-237-selected-missing-run,bioetl-runtime,237,selected-missing-run,False,2026-09-07T01:00:00+00:00,2026-09-07T07:00:00+00:00,NOT_VERIFIABLE,0,,,1e-09,stage_lag,"Source samples absent/insufficient; empty matches UNKNOWN, but no numeric agreement is claimed."
bioetl-runtime-9102-normal-15m,bioetl-runtime,9102,normal-15m,False,2026-09-07T06:45:00+00:00,2026-09-07T07:00:00+00:00,PASS,1,0.0,,1e-09,max,
bioetl-runtime-9102-normal-6h,bioetl-runtime,9102,normal-6h,False,2026-09-07T01:00:00+00:00,2026-09-07T07:00:00+00:00,PASS,1,0.0,,1e-09,max,
bioetl-runtime-9102-scrape-anomaly,bioetl-runtime,9102,scrape-anomaly,False,2026-09-07T07:05:00+00:00,2026-09-07T07:10:00+00:00,PASS,1,0.0,,1e-09,max,
bioetl-runtime-9102-default,bioetl-runtime,9102,default,False,2026-09-07T01:00:00+00:00,2026-09-07T07:00:00+00:00,PASS,1,0.0,,1e-09,max,
bioetl-runtime-9102-all,bioetl-runtime,9102,all,False,2026-09-07T01:00:00+00:00,2026-09-07T07:00:00+00:00,PASS,1,0.0,,1e-09,max,
bioetl-runtime-9102-multi,bioetl-runtime,9102,multi,False,2026-09-07T01:00:00+00:00,2026-09-07T07:00:00+00:00,PASS,1,0.0,,1e-09,max,
bioetl-runtime-9102-empty,bioetl-runtime,9102,empty,False,2026-09-07T01:00:00+00:00,2026-09-07T07:00:00+00:00,PASS,1,0.0,,1e-09,max,
bioetl-runtime-9102-regex-special,bioetl-runtime,9102,regex-special,False,2026-09-07T01:00:00+00:00,2026-09-07T07:00:00+00:00,PASS,1,0.0,,1e-09,max,
bioetl-runtime-9102-selected-missing-run,bioetl-runtime,9102,selected-missing-run,False,2026-09-07T01:00:00+00:00,2026-09-07T07:00:00+00:00,PASS,1,0.0,,1e-09,max,
bioetl-provider-health-v2-9101-normal-15m,bioetl-provider-health-v2,9101,normal-15m,False,2026-09-07T06:45:00+00:00,2026-09-07T07:00:00+00:00,PASS,1,0,,1e-09,provider_top3,
bioetl-provider-health-v2-9101-normal-6h,bioetl-provider-health-v2,9101,normal-6h,False,2026-09-07T01:00:00+00:00,2026-09-07T07:00:00+00:00,PASS,1,0,,1e-09,provider_top3,
bioetl-provider-health-v2-9101-scrape-anomaly,bioetl-provider-health-v2,9101,scrape-anomaly,False,2026-09-07T07:05:00+00:00,2026-09-07T07:10:00+00:00,PASS,1,0,,1e-09,provider_top3,
bioetl-provider-health-v2-9101-default,bioetl-provider-health-v2,9101,default,False,2026-09-07T01:00:00+00:00,2026-09-07T07:00:00+00:00,NOT_VERIFIABLE,0,,,1e-09,provider_top3,No source rows at this scope/time; no numeric sample.
bioetl-provider-health-v2-9101-all,bioetl-provider-health-v2,9101,all,False,2026-09-07T01:00:00+00:00,2026-09-07T07:00:00+00:00,PASS,1,0,,1e-09,provider_top3,
bioetl-provider-health-v2-9101-multi,bioetl-provider-health-v2,9101,multi,False,2026-09-07T01:00:00+00:00,2026-09-07T07:00:00+00:00,PASS,1,0,,1e-09,provider_top3,
bioetl-provider-health-v2-9101-empty,bioetl-provider-health-v2,9101,empty,False,2026-09-07T01:00:00+00:00,2026-09-07T07:00:00+00:00,NOT_VERIFIABLE,0,,,1e-09,provider_top3,No source rows at this scope/time; no numeric sample.
bioetl-provider-health-v2-9101-regex-special,bioetl-provider-health-v2,9101,regex-special,False,2026-09-07T01:00:00+00:00,2026-09-07T07:00:00+00:00,PASS,1,0,,1e-09,provider_top3,
bioetl-provider-health-v2-9101-selected-missing-run,bioetl-provider-health-v2,9101,selected-missing-run,False,2026-09-07T01:00:00+00:00,2026-09-07T07:00:00+00:00,PASS,1,0,,1e-09,provider_top3,
bioetl-provider-health-v2-9103-normal-15m,bioetl-provider-health-v2,9103,normal-15m,False,2026-09-07T06:45:00+00:00,2026-09-07T07:00:00+00:00,NOT_VERIFIABLE,0,,,1e-09,cause_top4,No source rows at this scope/time; no numeric sample.
bioetl-provider-health-v2-9103-normal-6h,bioetl-provider-health-v2,9103,normal-6h,False,2026-09-07T01:00:00+00:00,2026-09-07T07:00:00+00:00,NOT_VERIFIABLE,0,,,1e-09,cause_top4,No source rows at this scope/time; no numeric sample.
bioetl-provider-health-v2-9103-scrape-anomaly,bioetl-provider-health-v2,9103,scrape-anomaly,False,2026-09-07T07:05:00+00:00,2026-09-07T07:10:00+00:00,NOT_VERIFIABLE,0,,,1e-09,cause_top4,No source rows at this scope/time; no numeric sample.
bioetl-provider-health-v2-9103-default,bioetl-provider-health-v2,9103,default,False,2026-09-07T01:00:00+00:00,2026-09-07T07:00:00+00:00,NOT_VERIFIABLE,0,,,1e-09,cause_top4,No source rows at this scope/time; no numeric sample.
bioetl-provider-health-v2-9103-all,bioetl-provider-health-v2,9103,all,False,2026-09-07T01:00:00+00:00,2026-09-07T07:00:00+00:00,NOT_VERIFIABLE,0,,,1e-09,cause_top4,No source rows at this scope/time; no numeric sample.
bioetl-provider-health-v2-9103-multi,bioetl-provider-health-v2,9103,multi,False,2026-09-07T01:00:00+00:00,2026-09-07T07:00:00+00:00,NOT_VERIFIABLE,0,,,1e-09,cause_top4,No source rows at this scope/time; no numeric sample.
bioetl-provider-health-v2-9103-empty,bioetl-provider-health-v2,9103,empty,False,2026-09-07T01:00:00+00:00,2026-09-07T07:00:00+00:00,NOT_VERIFIABLE,0,,,1e-09,cause_top4,No source rows at this scope/time; no numeric sample.
bioetl-provider-health-v2-9103-regex-special,bioetl-provider-health-v2,9103,regex-special,False,2026-09-07T01:00:00+00:00,2026-09-07T07:00:00+00:00,NOT_VERIFIABLE,0,,,1e-09,cause_top4,No source rows at this scope/time; no numeric sample.
bioetl-provider-health-v2-9103-selected-missing-run,bioetl-provider-health-v2,9103,selected-missing-run,False,2026-09-07T01:00:00+00:00,2026-09-07T07:00:00+00:00,NOT_VERIFIABLE,0,,,1e-09,cause_top4,No source rows at this scope/time; no numeric sample.
bioetl-dq-v2-9401-normal-15m,bioetl-dq-v2,9401,normal-15m,False,2026-09-07T06:45:00+00:00,2026-09-07T07:00:00+00:00,NOT_VERIFIABLE,0,,,1e-09,max,"Source samples absent/insufficient; empty matches UNKNOWN, but no numeric agreement is claimed."
bioetl-dq-v2-9401-normal-6h,bioetl-dq-v2,9401,normal-6h,False,2026-09-07T01:00:00+00:00,2026-09-07T07:00:00+00:00,NOT_VERIFIABLE,0,,,1e-09,max,"Source samples absent/insufficient; empty matches UNKNOWN, but no numeric agreement is claimed."
bioetl-dq-v2-9401-scrape-anomaly,bioetl-dq-v2,9401,scrape-anomaly,False,2026-09-07T07:05:00+00:00,2026-09-07T07:10:00+00:00,NOT_VERIFIABLE,0,,,1e-09,max,"Source samples absent/insufficient; empty matches UNKNOWN, but no numeric agreement is claimed."
bioetl-dq-v2-9401-default,bioetl-dq-v2,9401,default,False,2026-09-07T01:00:00+00:00,2026-09-07T07:00:00+00:00,NOT_VERIFIABLE,0,,,1e-09,max,"Source samples absent/insufficient; empty matches UNKNOWN, but no numeric agreement is claimed."
bioetl-dq-v2-9401-all,bioetl-dq-v2,9401,all,False,2026-09-07T01:00:00+00:00,2026-09-07T07:00:00+00:00,NOT_VERIFIABLE,0,,,1e-09,max,"Source samples absent/insufficient; empty matches UNKNOWN, but no numeric agreement is claimed."
bioetl-dq-v2-9401-multi,bioetl-dq-v2,9401,multi,False,2026-09-07T01:00:00+00:00,2026-09-07T07:00:00+00:00,NOT_VERIFIABLE,0,,,1e-09,max,"Source samples absent/insufficient; empty matches UNKNOWN, but no numeric agreement is claimed."
bioetl-dq-v2-9401-empty,bioetl-dq-v2,9401,empty,False,2026-09-07T01:00:00+00:00,2026-09-07T07:00:00+00:00,NOT_VERIFIABLE,0,,,1e-09,max,"Source samples absent/insufficient; empty matches UNKNOWN, but no numeric agreement is claimed."
bioetl-dq-v2-9401-regex-special,bioetl-dq-v2,9401,regex-special,False,2026-09-07T01:00:00+00:00,2026-09-07T07:00:00+00:00,NOT_VERIFIABLE,0,,,1e-09,max,"Source samples absent/insufficient; empty matches UNKNOWN, but no numeric agreement is claimed."
bioetl-dq-v2-9401-selected-missing-run,bioetl-dq-v2,9401,selected-missing-run,False,2026-09-07T01:00:00+00:00,2026-09-07T07:00:00+00:00,NOT_VERIFIABLE,0,,,1e-09,max,"Source samples absent/insufficient; empty matches UNKNOWN, but no numeric agreement is claimed."
bioetl-dq-v2-9101-normal-15m,bioetl-dq-v2,9101,normal-15m,False,2026-09-07T06:45:00+00:00,2026-09-07T07:00:00+00:00,NOT_VERIFIABLE,0,,,1e-09,dq_state,"Source samples absent/insufficient; empty matches UNKNOWN, but no numeric agreement is claimed."
bioetl-dq-v2-9101-normal-6h,bioetl-dq-v2,9101,normal-6h,False,2026-09-07T01:00:00+00:00,2026-09-07T07:00:00+00:00,NOT_VERIFIABLE,0,,,1e-09,dq_state,"Source samples absent/insufficient; empty matches UNKNOWN, but no numeric agreement is claimed."
bioetl-dq-v2-9101-scrape-anomaly,bioetl-dq-v2,9101,scrape-anomaly,False,2026-09-07T07:05:00+00:00,2026-09-07T07:10:00+00:00,NOT_VERIFIABLE,0,,,1e-09,dq_state,"Source samples absent/insufficient; empty matches UNKNOWN, but no numeric agreement is claimed."
bioetl-dq-v2-9101-default,bioetl-dq-v2,9101,default,False,2026-09-07T01:00:00+00:00,2026-09-07T07:00:00+00:00,NOT_VERIFIABLE,0,,,1e-09,dq_state,"Source samples absent/insufficient; empty matches UNKNOWN, but no numeric agreement is claimed."
bioetl-dq-v2-9101-all,bioetl-dq-v2,9101,all,False,2026-09-07T01:00:00+00:00,2026-09-07T07:00:00+00:00,NOT_VERIFIABLE,0,,,1e-09,dq_state,"Source samples absent/insufficient; empty matches UNKNOWN, but no numeric agreement is claimed."
bioetl-dq-v2-9101-multi,bioetl-dq-v2,9101,multi,False,2026-09-07T01:00:00+00:00,2026-09-07T07:00:00+00:00,NOT_VERIFIABLE,0,,,1e-09,dq_state,"Source samples absent/insufficient; empty matches UNKNOWN, but no numeric agreement is claimed."
bioetl-dq-v2-9101-empty,bioetl-dq-v2,9101,empty,False,2026-09-07T01:00:00+00:00,2026-09-07T07:00:00+00:00,NOT_VERIFIABLE,0,,,1e-09,dq_state,"Source samples absent/insufficient; empty matches UNKNOWN, but no numeric agreement is claimed."
bioetl-dq-v2-9101-regex-special,bioetl-dq-v2,9101,regex-special,False,2026-09-07T01:00:00+00:00,2026-09-07T07:00:00+00:00,NOT_VERIFIABLE,0,,,1e-09,dq_state,"Source samples absent/insufficient; empty matches UNKNOWN, but no numeric agreement is claimed."
bioetl-dq-v2-9101-selected-missing-run,bioetl-dq-v2,9101,selected-missing-run,False,2026-09-07T01:00:00+00:00,2026-09-07T07:00:00+00:00,NOT_VERIFIABLE,0,,,1e-09,dq_state,"Source samples absent/insufficient; empty matches UNKNOWN, but no numeric agreement is claimed."
bioetl-dq-v2-9102-normal-15m,bioetl-dq-v2,9102,normal-15m,False,2026-09-07T06:45:00+00:00,2026-09-07T07:00:00+00:00,NOT_VERIFIABLE,0,,,1e-09,dq_reasons_top5,No source rows at this scope/time; no numeric sample.
bioetl-dq-v2-9102-normal-6h,bioetl-dq-v2,9102,normal-6h,False,2026-09-07T01:00:00+00:00,2026-09-07T07:00:00+00:00,NOT_VERIFIABLE,0,,,1e-09,dq_reasons_top5,No source rows at this scope/time; no numeric sample.
bioetl-dq-v2-9102-scrape-anomaly,bioetl-dq-v2,9102,scrape-anomaly,False,2026-09-07T07:05:00+00:00,2026-09-07T07:10:00+00:00,NOT_VERIFIABLE,0,,,1e-09,dq_reasons_top5,No source rows at this scope/time; no numeric sample.
bioetl-dq-v2-9102-default,bioetl-dq-v2,9102,default,False,2026-09-07T01:00:00+00:00,2026-09-07T07:00:00+00:00,NOT_VERIFIABLE,0,,,1e-09,dq_reasons_top5,No source rows at this scope/time; no numeric sample.
bioetl-dq-v2-9102-all,bioetl-dq-v2,9102,all,False,2026-09-07T01:00:00+00:00,2026-09-07T07:00:00+00:00,NOT_VERIFIABLE,0,,,1e-09,dq_reasons_top5,No source rows at this scope/time; no numeric sample.
bioetl-dq-v2-9102-multi,bioetl-dq-v2,9102,multi,False,2026-09-07T01:00:00+00:00,2026-09-07T07:00:00+00:00,NOT_VERIFIABLE,0,,,1e-09,dq_reasons_top5,No source rows at this scope/time; no numeric sample.
bioetl-dq-v2-9102-empty,bioetl-dq-v2,9102,empty,False,2026-09-07T01:00:00+00:00,2026-09-07T07:00:00+00:00,NOT_VERIFIABLE,0,,,1e-09,dq_reasons_top5,No source rows at this scope/time; no numeric sample.
bioetl-dq-v2-9102-regex-special,bioetl-dq-v2,9102,regex-special,False,2026-09-07T01:00:00+00:00,2026-09-07T07:00:00+00:00,NOT_VERIFIABLE,0,,,1e-09,dq_reasons_top5,No source rows at this scope/time; no numeric sample.
bioetl-dq-v2-9102-selected-missing-run,bioetl-dq-v2,9102,selected-missing-run,False,2026-09-07T01:00:00+00:00,2026-09-07T07:00:00+00:00,NOT_VERIFIABLE,0,,,1e-09,dq_reasons_top5,No source rows at this scope/time; no numeric sample.
bioetl-dq-v2-8-normal-15m,bioetl-dq-v2,8,normal-15m,False,2026-09-07T06:45:00+00:00,2026-09-07T07:00:00+00:00,NOT_VERIFIABLE,0,,,1e-09,freshness_hours,"Source samples absent/insufficient; empty matches UNKNOWN, but no numeric agreement is claimed."
bioetl-dq-v2-8-normal-6h,bioetl-dq-v2,8,normal-6h,False,2026-09-07T01:00:00+00:00,2026-09-07T07:00:00+00:00,NOT_VERIFIABLE,0,,,1e-09,freshness_hours,"Source samples absent/insufficient; empty matches UNKNOWN, but no numeric agreement is claimed."
bioetl-dq-v2-8-scrape-anomaly,bioetl-dq-v2,8,scrape-anomaly,False,2026-09-07T07:05:00+00:00,2026-09-07T07:10:00+00:00,NOT_VERIFIABLE,0,,,1e-09,freshness_hours,"Source samples absent/insufficient; empty matches UNKNOWN, but no numeric agreement is claimed."
bioetl-dq-v2-8-default,bioetl-dq-v2,8,default,False,2026-09-07T01:00:00+00:00,2026-09-07T07:00:00+00:00,NOT_VERIFIABLE,0,,,1e-09,freshness_hours,"Source samples absent/insufficient; empty matches UNKNOWN, but no numeric agreement is claimed."
bioetl-dq-v2-8-all,bioetl-dq-v2,8,all,False,2026-09-07T01:00:00+00:00,2026-09-07T07:00:00+00:00,NOT_VERIFIABLE,0,,,1e-09,freshness_hours,"Source samples absent/insufficient; empty matches UNKNOWN, but no numeric agreement is claimed."
bioetl-dq-v2-8-multi,bioetl-dq-v2,8,multi,False,2026-09-07T01:00:00+00:00,2026-09-07T07:00:00+00:00,NOT_VERIFIABLE,0,,,1e-09,freshness_hours,"Source samples absent/insufficient; empty matches UNKNOWN, but no numeric agreement is claimed."
bioetl-dq-v2-8-empty,bioetl-dq-v2,8,empty,False,2026-09-07T01:00:00+00:00,2026-09-07T07:00:00+00:00,NOT_VERIFIABLE,0,,,1e-09,freshness_hours,"Source samples absent/insufficient; empty matches UNKNOWN, but no numeric agreement is claimed."
bioetl-dq-v2-8-regex-special,bioetl-dq-v2,8,regex-special,False,2026-09-07T01:00:00+00:00,2026-09-07T07:00:00+00:00,NOT_VERIFIABLE,0,,,1e-09,freshness_hours,"Source samples absent/insufficient; empty matches UNKNOWN, but no numeric agreement is claimed."
bioetl-dq-v2-8-selected-missing-run,bioetl-dq-v2,8,selected-missing-run,False,2026-09-07T01:00:00+00:00,2026-09-07T07:00:00+00:00,NOT_VERIFIABLE,0,,,1e-09,freshness_hours,"Source samples absent/insufficient; empty matches UNKNOWN, but no numeric agreement is claimed."
bioetl-incident-v1-2010-normal-15m,bioetl-incident-v1,2010,normal-15m,False,2026-09-07T06:45:00+00:00,2026-09-07T07:00:00+00:00,FAIL,5,,,1e-09,incident_top5,Missing common Value column: Value #A/#B/#C cannot satisfy priority sort/reduction.
bioetl-incident-v1-2010-normal-6h,bioetl-incident-v1,2010,normal-6h,False,2026-09-07T01:00:00+00:00,2026-09-07T07:00:00+00:00,FAIL,5,,,1e-09,incident_top5,Missing common Value column: Value #A/#B/#C cannot satisfy priority sort/reduction.
bioetl-incident-v1-2010-scrape-anomaly,bioetl-incident-v1,2010,scrape-anomaly,False,2026-09-07T07:05:00+00:00,2026-09-07T07:10:00+00:00,FAIL,5,,,1e-09,incident_top5,Missing common Value column: Value #A/#B/#C cannot satisfy priority sort/reduction.
bioetl-incident-v1-2010-default,bioetl-incident-v1,2010,default,False,2026-09-07T01:00:00+00:00,2026-09-07T07:00:00+00:00,FAIL,5,,,1e-09,incident_top5,Missing common Value column: Value #A/#B/#C cannot satisfy priority sort/reduction.
bioetl-incident-v1-2010-all,bioetl-incident-v1,2010,all,False,2026-09-07T01:00:00+00:00,2026-09-07T07:00:00+00:00,FAIL,5,,,1e-09,incident_top5,Missing common Value column: Value #A/#B/#C cannot satisfy priority sort/reduction.
bioetl-incident-v1-2010-multi,bioetl-incident-v1,2010,multi,False,2026-09-07T01:00:00+00:00,2026-09-07T07:00:00+00:00,FAIL,5,,,1e-09,incident_top5,Missing common Value column: Value #A/#B/#C cannot satisfy priority sort/reduction.
bioetl-incident-v1-2010-empty,bioetl-incident-v1,2010,empty,False,2026-09-07T01:00:00+00:00,2026-09-07T07:00:00+00:00,FAIL,5,,,1e-09,incident_top5,Missing common Value column: Value #A/#B/#C cannot satisfy priority sort/reduction.
bioetl-incident-v1-2010-regex-special,bioetl-incident-v1,2010,regex-special,False,2026-09-07T01:00:00+00:00,2026-09-07T07:00:00+00:00,FAIL,5,,,1e-09,incident_top5,Missing common Value column: Value #A/#B/#C cannot satisfy priority sort/reduction.
bioetl-incident-v1-2010-selected-missing-run,bioetl-incident-v1,2010,selected-missing-run,False,2026-09-07T01:00:00+00:00,2026-09-07T07:00:00+00:00,FAIL,5,,,1e-09,incident_top5,Missing common Value column: Value #A/#B/#C cannot satisfy priority sort/reduction.
bioetl-incident-v1-2005-normal-15m,bioetl-incident-v1,2005,normal-15m,False,2026-09-07T06:45:00+00:00,2026-09-07T07:00:00+00:00,PASS,1,0,,1e-09,alert_count,
bioetl-incident-v1-2005-normal-6h,bioetl-incident-v1,2005,normal-6h,False,2026-09-07T01:00:00+00:00,2026-09-07T07:00:00+00:00,PASS,1,0,,1e-09,alert_count,
bioetl-incident-v1-2005-scrape-anomaly,bioetl-incident-v1,2005,scrape-anomaly,False,2026-09-07T07:05:00+00:00,2026-09-07T07:10:00+00:00,PASS,1,0,,1e-09,alert_count,
bioetl-incident-v1-2005-default,bioetl-incident-v1,2005,default,False,2026-09-07T01:00:00+00:00,2026-09-07T07:00:00+00:00,PASS,1,0,,1e-09,alert_count,
bioetl-incident-v1-2005-all,bioetl-incident-v1,2005,all,False,2026-09-07T01:00:00+00:00,2026-09-07T07:00:00+00:00,PASS,1,0,,1e-09,alert_count,
bioetl-incident-v1-2005-multi,bioetl-incident-v1,2005,multi,False,2026-09-07T01:00:00+00:00,2026-09-07T07:00:00+00:00,PASS,1,0,,1e-09,alert_count,
bioetl-incident-v1-2005-empty,bioetl-incident-v1,2005,empty,False,2026-09-07T01:00:00+00:00,2026-09-07T07:00:00+00:00,PASS,1,0,,1e-09,alert_count,
bioetl-incident-v1-2005-regex-special,bioetl-incident-v1,2005,regex-special,False,2026-09-07T01:00:00+00:00,2026-09-07T07:00:00+00:00,PASS,1,0,,1e-09,alert_count,
bioetl-incident-v1-2005-selected-missing-run,bioetl-incident-v1,2005,selected-missing-run,False,2026-09-07T01:00:00+00:00,2026-09-07T07:00:00+00:00,PASS,1,0,,1e-09,alert_count,
bioetl-incident-v1-2006-normal-15m,bioetl-incident-v1,2006,normal-15m,False,2026-09-07T06:45:00+00:00,2026-09-07T07:00:00+00:00,NOT_VERIFIABLE,0,,,1e-09,alert_history,Raw range series captured; exact stale-marker reconstruction is unavailable from the range-vector API.
bioetl-incident-v1-2006-normal-6h,bioetl-incident-v1,2006,normal-6h,False,2026-09-07T01:00:00+00:00,2026-09-07T07:00:00+00:00,NOT_VERIFIABLE,0,,,1e-09,alert_history,Raw range series captured; exact stale-marker reconstruction is unavailable from the range-vector API.
bioetl-incident-v1-2006-scrape-anomaly,bioetl-incident-v1,2006,scrape-anomaly,False,2026-09-07T07:05:00+00:00,2026-09-07T07:10:00+00:00,NOT_VERIFIABLE,0,,,1e-09,alert_history,Raw range series captured; exact stale-marker reconstruction is unavailable from the range-vector API.
bioetl-incident-v1-2006-default,bioetl-incident-v1,2006,default,False,2026-09-07T01:00:00+00:00,2026-09-07T07:00:00+00:00,NOT_VERIFIABLE,0,,,1e-09,alert_history,Raw range series captured; exact stale-marker reconstruction is unavailable from the range-vector API.
bioetl-incident-v1-2006-all,bioetl-incident-v1,2006,all,False,2026-09-07T01:00:00+00:00,2026-09-07T07:00:00+00:00,NOT_VERIFIABLE,0,,,1e-09,alert_history,Raw range series captured; exact stale-marker reconstruction is unavailable from the range-vector API.
bioetl-incident-v1-2006-multi,bioetl-incident-v1,2006,multi,False,2026-09-07T01:00:00+00:00,2026-09-07T07:00:00+00:00,NOT_VERIFIABLE,0,,,1e-09,alert_history,Raw range series captured; exact stale-marker reconstruction is unavailable from the range-vector API.
bioetl-incident-v1-2006-empty,bioetl-incident-v1,2006,empty,False,2026-09-07T01:00:00+00:00,2026-09-07T07:00:00+00:00,NOT_VERIFIABLE,0,,,1e-09,alert_history,Raw range series captured; exact stale-marker reconstruction is unavailable from the range-vector API.
bioetl-incident-v1-2006-regex-special,bioetl-incident-v1,2006,regex-special,False,2026-09-07T01:00:00+00:00,2026-09-07T07:00:00+00:00,NOT_VERIFIABLE,0,,,1e-09,alert_history,Raw range series captured; exact stale-marker reconstruction is unavailable from the range-vector API.
bioetl-incident-v1-2006-selected-missing-run,bioetl-incident-v1,2006,selected-missing-run,False,2026-09-07T01:00:00+00:00,2026-09-07T07:00:00+00:00,NOT_VERIFIABLE,0,,,1e-09,alert_history,Raw range series captured; exact stale-marker reconstruction is unavailable from the range-vector API.
bioetl-run-explorer-v1-3022-normal-15m,bioetl-run-explorer-v1,3022,normal-15m,False,2026-09-07T06:45:00+00:00,2026-09-07T07:00:00+00:00,NOT_VERIFIABLE,28,,,1e-09,persisted_http,Transport/merge reference only for control-plane rows; persisted manifest reference is separately required.
bioetl-run-explorer-v1-3022-normal-6h,bioetl-run-explorer-v1,3022,normal-6h,False,2026-09-07T01:00:00+00:00,2026-09-07T07:00:00+00:00,NOT_VERIFIABLE,28,,,1e-09,persisted_http,Transport/merge reference only for control-plane rows; persisted manifest reference is separately required.
bioetl-run-explorer-v1-3022-scrape-anomaly,bioetl-run-explorer-v1,3022,scrape-anomaly,False,2026-09-07T07:05:00+00:00,2026-09-07T07:10:00+00:00,NOT_VERIFIABLE,28,,,1e-09,persisted_http,Transport/merge reference only for control-plane rows; persisted manifest reference is separately required.
bioetl-run-explorer-v1-3022-default,bioetl-run-explorer-v1,3022,default,False,2026-09-07T01:00:00+00:00,2026-09-07T07:00:00+00:00,NOT_VERIFIABLE,14,,,1e-09,persisted_http,Transport/merge reference only for control-plane rows; persisted manifest reference is separately required.
bioetl-run-explorer-v1-3022-all,bioetl-run-explorer-v1,3022,all,False,2026-09-07T01:00:00+00:00,2026-09-07T07:00:00+00:00,NA,0,,,1e-09,persisted_http,Rejected invalid/out-of-domain selector input; preserve explicit query error.
bioetl-run-explorer-v1-3022-multi,bioetl-run-explorer-v1,3022,multi,False,2026-09-07T01:00:00+00:00,2026-09-07T07:00:00+00:00,NA,0,,,1e-09,persisted_http,Rejected invalid/out-of-domain selector input; preserve explicit query error.
bioetl-run-explorer-v1-3022-empty,bioetl-run-explorer-v1,3022,empty,False,2026-09-07T01:00:00+00:00,2026-09-07T07:00:00+00:00,NA,0,,,1e-09,persisted_http,Rejected invalid/out-of-domain selector input; preserve explicit query error.
bioetl-run-explorer-v1-3022-regex-special,bioetl-run-explorer-v1,3022,regex-special,False,2026-09-07T01:00:00+00:00,2026-09-07T07:00:00+00:00,NA,0,,,1e-09,persisted_http,Rejected invalid/out-of-domain selector input; preserve explicit query error.
bioetl-run-explorer-v1-3022-selected-missing-run,bioetl-run-explorer-v1,3022,selected-missing-run,False,2026-09-07T01:00:00+00:00,2026-09-07T07:00:00+00:00,NOT_VERIFIABLE,14,,,1e-09,persisted_http,Transport/merge reference only for control-plane rows; persisted manifest reference is separately required.
bioetl-run-explorer-v1-3023-normal-15m,bioetl-run-explorer-v1,3023,normal-15m,False,2026-09-07T06:45:00+00:00,2026-09-07T07:00:00+00:00,PASS,11,0,,1e-09,persisted_http,Persisted pipeline report layers; integers parsed independently from rendered strings.
bioetl-run-explorer-v1-3023-normal-6h,bioetl-run-explorer-v1,3023,normal-6h,False,2026-09-07T01:00:00+00:00,2026-09-07T07:00:00+00:00,PASS,11,0,,1e-09,persisted_http,Persisted pipeline report layers; integers parsed independently from rendered strings.
bioetl-run-explorer-v1-3023-scrape-anomaly,bioetl-run-explorer-v1,3023,scrape-anomaly,False,2026-09-07T07:05:00+00:00,2026-09-07T07:10:00+00:00,PASS,11,0,,1e-09,persisted_http,Persisted pipeline report layers; integers parsed independently from rendered strings.
bioetl-run-explorer-v1-3023-default,bioetl-run-explorer-v1,3023,default,False,2026-09-07T01:00:00+00:00,2026-09-07T07:00:00+00:00,NOT_VERIFIABLE,0,,,1e-09,persisted_http,No exact persisted run selected; direct HTTP comparison alone is not an independent accounting reference.
bioetl-run-explorer-v1-3023-all,bioetl-run-explorer-v1,3023,all,False,2026-09-07T01:00:00+00:00,2026-09-07T07:00:00+00:00,NOT_VERIFIABLE,0,,,1e-09,persisted_http,No exact persisted run selected; direct HTTP comparison alone is not an independent accounting reference.
bioetl-run-explorer-v1-3023-multi,bioetl-run-explorer-v1,3023,multi,False,2026-09-07T01:00:00+00:00,2026-09-07T07:00:00+00:00,NOT_VERIFIABLE,0,,,1e-09,persisted_http,No exact persisted run selected; direct HTTP comparison alone is not an independent accounting reference.
bioetl-run-explorer-v1-3023-empty,bioetl-run-explorer-v1,3023,empty,False,2026-09-07T01:00:00+00:00,2026-09-07T07:00:00+00:00,NA,0,,,1e-09,persisted_http,Rejected invalid/out-of-domain selector input; preserve explicit query error.
bioetl-run-explorer-v1-3023-regex-special,bioetl-run-explorer-v1,3023,regex-special,False,2026-09-07T01:00:00+00:00,2026-09-07T07:00:00+00:00,NOT_VERIFIABLE,0,,,1e-09,persisted_http,No exact persisted run selected; direct HTTP comparison alone is not an independent accounting reference.
bioetl-run-explorer-v1-3023-selected-missing-run,bioetl-run-explorer-v1,3023,selected-missing-run,False,2026-09-07T01:00:00+00:00,2026-09-07T07:00:00+00:00,NOT_VERIFIABLE,11,,,1e-09,persisted_http,No exact persisted run selected; direct HTTP comparison alone is not an independent accounting reference.
bioetl-run-explorer-v1-3010-normal-15m,bioetl-run-explorer-v1,3010,normal-15m,False,2026-09-07T06:45:00+00:00,2026-09-07T07:00:00+00:00,PASS,10,0,,1e-09,persisted_http,Each displayed index row is independently read from its hashed file; latest-N selection and ordering are not independently proved.
bioetl-run-explorer-v1-3010-normal-6h,bioetl-run-explorer-v1,3010,normal-6h,False,2026-09-07T01:00:00+00:00,2026-09-07T07:00:00+00:00,PASS,10,0,,1e-09,persisted_http,Each displayed index row is independently read from its hashed file; latest-N selection and ordering are not independently proved.
bioetl-run-explorer-v1-3010-scrape-anomaly,bioetl-run-explorer-v1,3010,scrape-anomaly,False,2026-09-07T07:05:00+00:00,2026-09-07T07:10:00+00:00,PASS,10,0,,1e-09,persisted_http,Each displayed index row is independently read from its hashed file; latest-N selection and ordering are not independently proved.
bioetl-run-explorer-v1-3010-default,bioetl-run-explorer-v1,3010,default,False,2026-09-07T01:00:00+00:00,2026-09-07T07:00:00+00:00,PASS,0,0,,1e-09,persisted_http,Each displayed index row is independently read from its hashed file; latest-N selection and ordering are not independently proved.
bioetl-run-explorer-v1-3010-all,bioetl-run-explorer-v1,3010,all,False,2026-09-07T01:00:00+00:00,2026-09-07T07:00:00+00:00,PASS,10,0,,1e-09,persisted_http,Each displayed index row is independently read from its hashed file; latest-N selection and ordering are not independently proved.
bioetl-run-explorer-v1-3010-multi,bioetl-run-explorer-v1,3010,multi,False,2026-09-07T01:00:00+00:00,2026-09-07T07:00:00+00:00,PASS,10,0,,1e-09,persisted_http,Each displayed index row is independently read from its hashed file; latest-N selection and ordering are not independently proved.
bioetl-run-explorer-v1-3010-empty,bioetl-run-explorer-v1,3010,empty,False,2026-09-07T01:00:00+00:00,2026-09-07T07:00:00+00:00,PASS,10,0,,1e-09,persisted_http,Each displayed index row is independently read from its hashed file; latest-N selection and ordering are not independently proved.
bioetl-run-explorer-v1-3010-regex-special,bioetl-run-explorer-v1,3010,regex-special,False,2026-09-07T01:00:00+00:00,2026-09-07T07:00:00+00:00,PASS,0,0,,1e-09,persisted_http,Each displayed index row is independently read from its hashed file; latest-N selection and ordering are not independently proved.
bioetl-run-explorer-v1-3010-selected-missing-run,bioetl-run-explorer-v1,3010,selected-missing-run,False,2026-09-07T01:00:00+00:00,2026-09-07T07:00:00+00:00,PASS,10,0,,1e-09,persisted_http,Each displayed index row is independently read from its hashed file; latest-N selection and ordering are not independently proved.
bioetl-run-explorer-v1-3020-normal-15m,bioetl-run-explorer-v1,3020,normal-15m,False,2026-09-07T06:45:00+00:00,2026-09-07T07:00:00+00:00,PASS,20,0,,1e-09,persisted_http,Each displayed index row is independently read from its hashed file; latest-N selection and ordering are not independently proved.
bioetl-run-explorer-v1-3020-normal-6h,bioetl-run-explorer-v1,3020,normal-6h,False,2026-09-07T01:00:00+00:00,2026-09-07T07:00:00+00:00,PASS,20,0,,1e-09,persisted_http,Each displayed index row is independently read from its hashed file; latest-N selection and ordering are not independently proved.
bioetl-run-explorer-v1-3020-scrape-anomaly,bioetl-run-explorer-v1,3020,scrape-anomaly,False,2026-09-07T07:05:00+00:00,2026-09-07T07:10:00+00:00,PASS,20,0,,1e-09,persisted_http,Each displayed index row is independently read from its hashed file; latest-N selection and ordering are not independently proved.
bioetl-run-explorer-v1-3020-default,bioetl-run-explorer-v1,3020,default,False,2026-09-07T01:00:00+00:00,2026-09-07T07:00:00+00:00,PASS,20,0,,1e-09,persisted_http,Each displayed index row is independently read from its hashed file; latest-N selection and ordering are not independently proved.
bioetl-run-explorer-v1-3020-all,bioetl-run-explorer-v1,3020,all,False,2026-09-07T01:00:00+00:00,2026-09-07T07:00:00+00:00,PASS,20,0,,1e-09,persisted_http,Each displayed index row is independently read from its hashed file; latest-N selection and ordering are not independently proved.
bioetl-run-explorer-v1-3020-multi,bioetl-run-explorer-v1,3020,multi,False,2026-09-07T01:00:00+00:00,2026-09-07T07:00:00+00:00,PASS,20,0,,1e-09,persisted_http,Each displayed index row is independently read from its hashed file; latest-N selection and ordering are not independently proved.
bioetl-run-explorer-v1-3020-empty,bioetl-run-explorer-v1,3020,empty,False,2026-09-07T01:00:00+00:00,2026-09-07T07:00:00+00:00,PASS,20,0,,1e-09,persisted_http,Each displayed index row is independently read from its hashed file; latest-N selection and ordering are not independently proved.
bioetl-run-explorer-v1-3020-regex-special,bioetl-run-explorer-v1,3020,regex-special,False,2026-09-07T01:00:00+00:00,2026-09-07T07:00:00+00:00,PASS,20,0,,1e-09,persisted_http,Each displayed index row is independently read from its hashed file; latest-N selection and ordering are not independently proved.
bioetl-run-explorer-v1-3020-selected-missing-run,bioetl-run-explorer-v1,3020,selected-missing-run,False,2026-09-07T01:00:00+00:00,2026-09-07T07:00:00+00:00,PASS,20,0,,1e-09,persisted_http,Each displayed index row is independently read from its hashed file; latest-N selection and ordering are not independently proved.
bioetl-run-explorer-v1-3011-normal-15m,bioetl-run-explorer-v1,3011,normal-15m,False,2026-09-07T06:45:00+00:00,2026-09-07T07:00:00+00:00,PASS,4,0,,1e-09,persisted_http,Persisted funnel rows with independent count/reason formatting.
bioetl-run-explorer-v1-3011-normal-6h,bioetl-run-explorer-v1,3011,normal-6h,False,2026-09-07T01:00:00+00:00,2026-09-07T07:00:00+00:00,PASS,4,0,,1e-09,persisted_http,Persisted funnel rows with independent count/reason formatting.
bioetl-run-explorer-v1-3011-scrape-anomaly,bioetl-run-explorer-v1,3011,scrape-anomaly,False,2026-09-07T07:05:00+00:00,2026-09-07T07:10:00+00:00,PASS,4,0,,1e-09,persisted_http,Persisted funnel rows with independent count/reason formatting.
bioetl-run-explorer-v1-3011-default,bioetl-run-explorer-v1,3011,default,False,2026-09-07T01:00:00+00:00,2026-09-07T07:00:00+00:00,NOT_VERIFIABLE,0,,,1e-09,persisted_http,No matching persisted run report.
bioetl-run-explorer-v1-3011-all,bioetl-run-explorer-v1,3011,all,False,2026-09-07T01:00:00+00:00,2026-09-07T07:00:00+00:00,NA,0,,,1e-09,persisted_http,Rejected invalid/out-of-domain selector input; preserve explicit query error.
bioetl-run-explorer-v1-3011-multi,bioetl-run-explorer-v1,3011,multi,False,2026-09-07T01:00:00+00:00,2026-09-07T07:00:00+00:00,NA,0,,,1e-09,persisted_http,Rejected invalid/out-of-domain selector input; preserve explicit query error.
bioetl-run-explorer-v1-3011-empty,bioetl-run-explorer-v1,3011,empty,False,2026-09-07T01:00:00+00:00,2026-09-07T07:00:00+00:00,NA,0,,,1e-09,persisted_http,Rejected invalid/out-of-domain selector input; preserve explicit query error.
bioetl-run-explorer-v1-3011-regex-special,bioetl-run-explorer-v1,3011,regex-special,False,2026-09-07T01:00:00+00:00,2026-09-07T07:00:00+00:00,NA,0,,,1e-09,persisted_http,Rejected invalid/out-of-domain selector input; preserve explicit query error.
bioetl-run-explorer-v1-3011-selected-missing-run,bioetl-run-explorer-v1,3011,selected-missing-run,False,2026-09-07T01:00:00+00:00,2026-09-07T07:00:00+00:00,NOT_VERIFIABLE,0,,,1e-09,persisted_http,No matching persisted run report.
bioetl-runtime-205-normal-15m-candidate,bioetl-runtime,205,normal-15m,True,2026-09-07T06:45:00+00:00,2026-09-07T07:00:00+00:00,NOT_VERIFIABLE,0,,,1e-09,increase_sum,"Source samples absent/insufficient; empty matches UNKNOWN, but no numeric agreement is claimed."
bioetl-runtime-205-normal-6h-candidate,bioetl-runtime,205,normal-6h,True,2026-09-07T01:00:00+00:00,2026-09-07T07:00:00+00:00,NOT_VERIFIABLE,0,,,1e-09,increase_sum,"Source samples absent/insufficient; empty matches UNKNOWN, but no numeric agreement is claimed."
bioetl-runtime-205-scrape-anomaly-candidate,bioetl-runtime,205,scrape-anomaly,True,2026-09-07T07:05:00+00:00,2026-09-07T07:10:00+00:00,NOT_VERIFIABLE,0,,,1e-09,increase_sum,"Source samples absent/insufficient; empty matches UNKNOWN, but no numeric agreement is claimed."
bioetl-runtime-205-default-candidate,bioetl-runtime,205,default,True,2026-09-07T01:00:00+00:00,2026-09-07T07:00:00+00:00,NOT_VERIFIABLE,0,,,1e-09,increase_sum,"Source samples absent/insufficient; empty matches UNKNOWN, but no numeric agreement is claimed."
bioetl-runtime-205-all-candidate,bioetl-runtime,205,all,True,2026-09-07T01:00:00+00:00,2026-09-07T07:00:00+00:00,NOT_VERIFIABLE,0,,,1e-09,increase_sum,"Source samples absent/insufficient; empty matches UNKNOWN, but no numeric agreement is claimed."
bioetl-runtime-205-multi-candidate,bioetl-runtime,205,multi,True,2026-09-07T01:00:00+00:00,2026-09-07T07:00:00+00:00,NOT_VERIFIABLE,0,,,1e-09,increase_sum,"Source samples absent/insufficient; empty matches UNKNOWN, but no numeric agreement is claimed."
bioetl-runtime-205-empty-candidate,bioetl-runtime,205,empty,True,2026-09-07T01:00:00+00:00,2026-09-07T07:00:00+00:00,NOT_VERIFIABLE,0,,,1e-09,increase_sum,"Source samples absent/insufficient; empty matches UNKNOWN, but no numeric agreement is claimed."
bioetl-runtime-205-regex-special-candidate,bioetl-runtime,205,regex-special,True,2026-09-07T01:00:00+00:00,2026-09-07T07:00:00+00:00,NOT_VERIFIABLE,0,,,1e-09,increase_sum,"Source samples absent/insufficient; empty matches UNKNOWN, but no numeric agreement is claimed."
bioetl-runtime-205-selected-missing-run-candidate,bioetl-runtime,205,selected-missing-run,True,2026-09-07T01:00:00+00:00,2026-09-07T07:00:00+00:00,NOT_VERIFIABLE,0,,,1e-09,increase_sum,"Source samples absent/insufficient; empty matches UNKNOWN, but no numeric agreement is claimed."
bioetl-incident-v1-2010-normal-15m-candidate,bioetl-incident-v1,2010,normal-15m,True,2026-09-07T06:45:00+00:00,2026-09-07T07:00:00+00:00,PASS,5,0,,1e-09,incident_top5,
bioetl-incident-v1-2010-normal-6h-candidate,bioetl-incident-v1,2010,normal-6h,True,2026-09-07T01:00:00+00:00,2026-09-07T07:00:00+00:00,PASS,5,0,,1e-09,incident_top5,
bioetl-incident-v1-2010-scrape-anomaly-candidate,bioetl-incident-v1,2010,scrape-anomaly,True,2026-09-07T07:05:00+00:00,2026-09-07T07:10:00+00:00,PASS,5,0,,1e-09,incident_top5,
bioetl-incident-v1-2010-default-candidate,bioetl-incident-v1,2010,default,True,2026-09-07T01:00:00+00:00,2026-09-07T07:00:00+00:00,PASS,5,0,,1e-09,incident_top5,
bioetl-incident-v1-2010-all-candidate,bioetl-incident-v1,2010,all,True,2026-09-07T01:00:00+00:00,2026-09-07T07:00:00+00:00,PASS,5,0,,1e-09,incident_top5,
bioetl-incident-v1-2010-multi-candidate,bioetl-incident-v1,2010,multi,True,2026-09-07T01:00:00+00:00,2026-09-07T07:00:00+00:00,PASS,5,0,,1e-09,incident_top5,
bioetl-incident-v1-2010-empty-candidate,bioetl-incident-v1,2010,empty,True,2026-09-07T01:00:00+00:00,2026-09-07T07:00:00+00:00,PASS,5,0,,1e-09,incident_top5,
bioetl-incident-v1-2010-regex-special-candidate,bioetl-incident-v1,2010,regex-special,True,2026-09-07T01:00:00+00:00,2026-09-07T07:00:00+00:00,PASS,5,0,,1e-09,incident_top5,
bioetl-incident-v1-2010-selected-missing-run-candidate,bioetl-incident-v1,2010,selected-missing-run,True,2026-09-07T01:00:00+00:00,2026-09-07T07:00:00+00:00,PASS,5,0,,1e-09,incident_top5,
bioetl-runtime-205-historical-measured-zero-15m,bioetl-runtime,205,historical-measured-zero-15m,False,2026-09-04T09:15:00+00:00,2026-09-04T09:30:00+00:00,PASS,1,0,,1e-09,increase_sum,Historical supplement; exact request and independent source computation.
bioetl-runtime-205-historical-measured-zero-6h,bioetl-runtime,205,historical-measured-zero-6h,False,2026-09-04T03:30:00+00:00,2026-09-04T09:30:00+00:00,PASS,1,0,,1e-09,increase_sum,Historical supplement; exact request and independent source computation.
bioetl-runtime-237-historical-stage-zero,bioetl-runtime,237,historical-stage-zero,False,2026-09-01T17:30:00+00:00,2026-09-01T17:45:00+00:00,PASS,1,0,,1e-09,stage_lag,Historical supplement; exact request and independent source computation.
bioetl-dq-v2-9401-historical-dq-warning,bioetl-dq-v2,9401,historical-dq-warning,False,2026-09-03T21:01:40+00:00,2026-09-03T21:16:40+00:00,PASS,1,0,0,1e-09,max,Historical supplement; exact request and independent source computation.
bioetl-dq-v2-9401-historical-dq-normal,bioetl-dq-v2,9401,historical-dq-normal,False,2026-09-03T21:31:40+00:00,2026-09-03T21:46:40+00:00,PASS,1,0,,1e-09,max,Historical supplement; exact request and independent source computation.
bioetl-dq-v2-9101-historical-dq-warning,bioetl-dq-v2,9101,historical-dq-warning,False,2026-09-03T21:01:40+00:00,2026-09-03T21:16:40+00:00,PASS,1,0,0,1e-09,dq_state,Historical supplement; exact request and independent source computation.
bioetl-dq-v2-9101-historical-dq-normal,bioetl-dq-v2,9101,historical-dq-normal,False,2026-09-03T21:31:40+00:00,2026-09-03T21:46:40+00:00,PASS,1,0,,1e-09,dq_state,Historical supplement; exact request and independent source computation.
bioetl-runtime-205-historical-measured-zero-15m-candidate,bioetl-runtime,205,historical-measured-zero-15m,True,2026-09-04T09:15:00+00:00,2026-09-04T09:30:00+00:00,PASS,1,0,,1e-09,increase_sum,Historical supplement; exact request and independent source computation.
bioetl-runtime-205-historical-measured-zero-6h-candidate,bioetl-runtime,205,historical-measured-zero-6h,True,2026-09-04T03:30:00+00:00,2026-09-04T09:30:00+00:00,PASS,1,0,,1e-09,increase_sum,Historical supplement; exact request and independent source computation.
