order,ID,Full,DB,category,field
1,20,crossref.publication.alternative_id,crossref,id,alternative_id
2,13,chembl.publication.chembl_release,chembl,id,chembl_release
3,14,chembl.publication.content_hash,chembl,id,content_hash
4,21,crossref.publication.content_hash,crossref,id,content_hash
5,23,openalex.publication.content_hash,openalex,id,content_hash
6,28,pubmed.publication.content_hash,pubmed,id,content_hash
7,33,semanticscholar.publication.content_hash,semanticscholar,id,content_hash
8,34,semanticscholar.publication.corpus_id,semanticscholar,id,corpus_id
9,35,semanticscholar.publication.dblp_id,semanticscholar,id,dblp_id
10,15,chembl.publication.publication_id,chembl,id,publication_id
11,17,chembl.publication.entity_id,chembl,id,entity_id
12,22,crossref.publication.entity_id,crossref,id,entity_id
13,24,openalex.publication.entity_id,openalex,id,entity_id
14,30,pubmed.publication.entity_id,pubmed,id,entity_id
15,36,semanticscholar.publication.entity_id,semanticscholar,id,entity_id
16,25,openalex.publication.mag_id,openalex,id,mag_id
17,31,pubmed.publication.nlm_unique_id,pubmed,id,nlm_unique_id
18,26,openalex.publication.openalex_id,openalex,id,openalex_id
19,37,semanticscholar.publication.paper_id,semanticscholar,id,paper_id
20,32,pubmed.publication.pmc_id,pubmed,id,pmc_id
21,18,chembl.publication.pmid,chembl,id,pmid
22,27,openalex.publication.pmid,openalex,id,pmid
23,38,semanticscholar.publication.pmid,semanticscholar,id,pmid
24,19,chembl.publication.src_id,chembl,id,src_id
25,39,chembl.publication.abstract,chembl,bibliography,abstract
26,42,openalex.publication.abstract,openalex,bibliography,abstract
27,44,pubmed.publication.abstract,pubmed,bibliography,abstract
28,47,semanticscholar.publication.abstract,semanticscholar,bibliography,abstract
29,45,pubmed.publication.abstract_structured,pubmed,bibliography,abstract_structured
30,16,chembl.publication.doi,chembl,bibliography,doi
31,29,pubmed.publication.doi,pubmed,bibliography,doi
32,70,crossref.publication.issn,crossref,bibliography,issn
33,76,openalex.publication.issn,openalex,bibliography,issn
34,79,pubmed.publication.issn,pubmed,bibliography,issn
35,71,crossref.publication.issn_electronic,crossref,bibliography,issn_electronic
36,179,crossref.publication.issn_list,crossref,bibliography,issn_list
37,72,crossref.publication.issn_print,crossref,bibliography,issn_print
38,102,chembl.publication.issue,chembl,bibliography,issue
39,106,crossref.publication.issue,crossref,bibliography,issue
40,110,openalex.publication.issue,openalex,bibliography,issue
41,114,pubmed.publication.issue,pubmed,bibliography,issue
42,120,semanticscholar.publication.issue,semanticscholar,bibliography,issue
43,69,chembl.publication.journal,chembl,bibliography,journal
44,73,crossref.publication.journal,crossref,bibliography,journal
45,77,openalex.publication.journal,openalex,bibliography,journal
46,80,pubmed.publication.journal,pubmed,bibliography,journal
47,84,semanticscholar.publication.journal,semanticscholar,bibliography,journal
48,81,pubmed.publication.journal_iso_abbrev,pubmed,bibliography,journal_iso_abbrev
49,82,pubmed.publication.journal_issn_type,pubmed,bibliography,journal_issn_type
50,74,crossref.publication.journal_name_short,crossref,bibliography,journal_name_short
51,83,pubmed.publication.journal_name_short,pubmed,bibliography,journal_name_short
52,103,chembl.publication.page_first,chembl,bibliography,page_first
53,107,crossref.publication.page_first,crossref,bibliography,page_first
54,111,openalex.publication.page_first,openalex,bibliography,page_first
55,116,pubmed.publication.page_first,pubmed,bibliography,page_first
56,121,semanticscholar.publication.page_first,semanticscholar,bibliography,page_first
57,104,chembl.publication.page_last,chembl,bibliography,page_last
58,108,crossref.publication.page_last,crossref,bibliography,page_last
59,112,openalex.publication.page_last,openalex,bibliography,page_last
60,117,pubmed.publication.page_last,pubmed,bibliography,page_last
61,122,semanticscholar.publication.page_last,semanticscholar,bibliography,page_last
62,118,pubmed.publication.page_range,pubmed,bibliography,page_range
63,123,semanticscholar.publication.page_range,semanticscholar,bibliography,page_range
64,89,crossref.publication.published,crossref,bibliography,published
65,90,crossref.publication.published_online,crossref,bibliography,published_online
66,91,crossref.publication.published_print,crossref,bibliography,published_print
67,75,crossref.publication.publisher,crossref,bibliography,publisher
68,78,openalex.publication.publisher,openalex,bibliography,publisher
69,86,chembl.publication.publication_year,chembl,bibliography,publication_year
70,88,crossref.publication.publication_year,crossref,bibliography,publication_year
71,93,openalex.publication.publication_year,openalex,bibliography,publication_year
72,99,pubmed.publication.publication_year,pubmed,bibliography,publication_year
73,101,semanticscholar.publication.publication_year,semanticscholar,bibliography,publication_year
74,40,chembl.publication.title,chembl,bibliography,title
75,41,crossref.publication.title,crossref,bibliography,title
76,43,openalex.publication.title,openalex,bibliography,title
77,46,pubmed.publication.title,pubmed,bibliography,title
78,48,semanticscholar.publication.title,semanticscholar,bibliography,title
79,105,chembl.publication.volume,chembl,bibliography,volume
80,109,crossref.publication.volume,crossref,bibliography,volume
81,113,openalex.publication.volume,openalex,bibliography,volume
82,119,pubmed.publication.volume,pubmed,bibliography,volume
83,124,semanticscholar.publication.volume,semanticscholar,bibliography,volume
84,61,pubmed.publication.affiliation_list,pubmed,author_and_affiliation,affiliation_list
85,64,openalex.publication.affiliation_list,openalex,author_and_affiliation,affiliation_list
86,68,semanticscholar.publication.affiliation_list,semanticscholar,author_and_affiliation,affiliation_list
87,62,pubmed.publication.affiliation_structured,pubmed,author_and_affiliation,affiliation_structured
88,55,pubmed.publication.author_count,pubmed,author_and_affiliation,author_count
89,50,crossref.publication.author_details,crossref,author_and_affiliation,author_details
90,58,semanticscholar.publication.author_h_indices,semanticscholar,author_and_affiliation,author_h_indices
91,52,openalex.publication.author_openalex_ids,openalex,author_and_affiliation,author_openalex_ids
92,178,crossref.publication.author_orcid_list,crossref,author_and_affiliation,author_orcid_list
93,53,openalex.publication.author_orcids,openalex,author_and_affiliation,author_orcids
94,59,semanticscholar.publication.author_orcids,semanticscholar,author_and_affiliation,author_orcids
95,60,semanticscholar.publication.author_s2_ids,semanticscholar,author_and_affiliation,author_s2_ids
96,49,chembl.publication.authors,chembl,author_and_affiliation,authors
97,51,crossref.publication.authors,crossref,author_and_affiliation,authors
98,54,openalex.publication.authors,openalex,author_and_affiliation,authors
99,56,pubmed.publication.authors,pubmed,author_and_affiliation,authors
100,57,pubmed.publication.authors_with_affiliations,pubmed,author_and_affiliation,authors_with_affiliations
101,63,pubmed.publication.country,pubmed,author_and_affiliation,country
102,65,openalex.publication.institution_country_codes,openalex,author_and_affiliation,institution_country_codes
103,66,openalex.publication.institution_ids,openalex,author_and_affiliation,institution_ids
104,67,openalex.publication.ror_ids,openalex,author_and_affiliation,ror_ids
105,85,chembl.publication.creation_date,chembl,date,creation_date
106,94,pubmed.publication.date_completed,pubmed,date,date_completed
107,95,pubmed.publication.date_revised,pubmed,date,date_revised
108,180,pubmed.publication.pub_date,pubmed,date,pub_date
109,96,pubmed.publication.pub_day,pubmed,date,pub_day
110,97,pubmed.publication.pub_month,pubmed,date,pub_month
111,87,crossref.publication.publication_date,crossref,date,publication_date
112,92,openalex.publication.publication_date,openalex,date,publication_date
113,98,pubmed.publication.publication_date,pubmed,date,publication_date
114,100,semanticscholar.publication.publication_date,semanticscholar,date,publication_date
115,143,pubmed.publication.chemical_count,pubmed,topics_and_keywords,chemical_count
116,144,pubmed.publication.chemicals,pubmed,topics_and_keywords,chemicals
117,130,pubmed.publication.citation_subset,pubmed,topics_and_keywords,citation_subset
118,145,pubmed.publication.databanks,pubmed,topics_and_keywords,databanks
119,172,openalex.publication.fwci,openalex,topics_and_keywords,fwci
120,146,pubmed.publication.gene_symbols,pubmed,topics_and_keywords,gene_symbols
121,148,pubmed.publication.keyword_count,pubmed,topics_and_keywords,keyword_count
122,149,pubmed.publication.mesh_heading_count,pubmed,topics_and_keywords,mesh_heading_count
123,139,openalex.publication.primary_topic,openalex,topics_and_keywords,primary_topic
124,152,semanticscholar.publication.subject_fields,semanticscholar,topics_and_keywords,subject_fields
125,153,crossref.publication.subject_keywords,crossref,topics_and_keywords,subject_keywords
126,140,openalex.publication.subject_keywords,openalex,topics_and_keywords,subject_keywords
127,150,pubmed.publication.subject_keywords,pubmed,topics_and_keywords,subject_keywords
128,141,openalex.publication.subject_mesh,openalex,topics_and_keywords,subject_mesh
129,151,pubmed.publication.subject_mesh,pubmed,topics_and_keywords,subject_mesh
130,142,openalex.publication.subject_topics,openalex,topics_and_keywords,subject_topics
131,132,semanticscholar.publication.citation_contexts,semanticscholar,publication,citation_contexts
132,136,chembl.publication.citations_made,chembl,publication,citations_made
133,125,crossref.publication.citations_made,crossref,publication,citations_made
134,128,openalex.publication.citations_made,openalex,publication,citations_made
135,131,pubmed.publication.citations_made,pubmed,publication,citations_made
136,133,semanticscholar.publication.citations_made,semanticscholar,publication,citations_made
137,137,chembl.publication.citations_received,chembl,publication,citations_received
138,126,crossref.publication.citations_received,crossref,publication,citations_received
139,129,openalex.publication.citations_received,openalex,publication,citations_received
140,134,semanticscholar.publication.citations_received,semanticscholar,publication,citations_received
141,174,crossref.publication.content_domain_crossmark_restriction,crossref,publication,content_domain_crossmark_restriction
142,175,crossref.publication.content_domain_domains,crossref,publication,content_domain_domains
143,147,pubmed.publication.grant_count,pubmed,publication,grant_count
144,138,openalex.publication.grants,openalex,publication,grants
145,135,semanticscholar.publication.influential_citation_count,semanticscholar,publication,influential_citation_count
146,154,openalex.publication.is_oa,openalex,publication,is_oa
147,156,semanticscholar.publication.is_oa,semanticscholar,publication,is_oa
148,173,openalex.publication.is_retracted,openalex,publication,is_retracted
149,169,crossref.publication.language,crossref,publication,language
150,170,openalex.publication.language,openalex,publication,language
151,171,pubmed.publication.language,pubmed,publication,language
152,159,crossref.publication.license_url,crossref,publication,license_url
153,115,pubmed.publication.medline_pgn,pubmed,publication,medline_pgn
154,155,openalex.publication.oa_status,openalex,publication,oa_status
155,157,semanticscholar.publication.oa_status,semanticscholar,publication,oa_status
156,158,semanticscholar.publication.open_access_url,semanticscholar,publication,open_access_url
157,163,pubmed.publication.publication_status,pubmed,publication,publication_status
158,160,chembl.publication.publication_type,chembl,publication,publication_type
159,161,crossref.publication.publication_type,crossref,publication,publication_type
160,162,openalex.publication.publication_type,openalex,publication,publication_type
161,164,pubmed.publication.publication_type,pubmed,publication,publication_type
162,167,semanticscholar.publication.publication_type,semanticscholar,publication,publication_type
164,166,pubmed.publication.publication_types,pubmed,publication,publication_types
165,168,semanticscholar.publication.publication_types,semanticscholar,publication,publication_types
166,127,crossref.publication.references,crossref,publication,references
167,181,semanticscholar.publication.tldr,semanticscholar,publication,tldr
